coupon_id,coupon_code,coupon_name,discount_type,discount_value,min_order_value,max_discount,start_date,end_date,usage_limit,is_active
1,FOODIE125,FOODIE,Flat,75,299,75,2025-12-03,2026-09-07,9644,1
2,HAPPY189,HAPPY,Flat,50,199,50,2024-08-13,2027-05-09,6640,1
3,LUNCH617,LUNCH,Percentage,30,799,150,2025-02-23,2026-10-29,43090,0
4,LUNCH559,LUNCH,Flat,250,199,250,2025-01-14,2026-09-18,10963,0
5,TREAT384,TREAT,Percentage,15,399,500,2026-02-17,2026-09-03,7198,1
6,FESTIVE199,FESTIVE,Flat,250,399,250,2026-01-01,2027-05-09,40065,1
7,SAVEBIG847,SAVEBIG,Flat,150,199,150,2026-06-17,2027-02-22,25307,1
8,HAPPY400,HAPPY,Flat,150,299,150,2024-09-30,2027-03-12,46674,1
9,SAVEBIG777,SAVEBIG,Percentage,50,199,200,2025-06-17,2026-08-07,15756,1
10,FESTIVE384,FESTIVE,Flat,200,399,200,2024-08-17,2026-08-31,11159,1
11,SPECIAL314,SPECIAL,Flat,200,799,200,2025-01-10,2026-10-24,42969,1
12,GOAT750,GOAT,Percentage,30,299,400,2025-08-21,2027-03-16,11208,0
13,FESTIVE376,FESTIVE,Percentage,40,199,200,2024-08-14,2027-02-28,15510,1
14,TREAT510,TREAT,Flat,50,299,50,2024-12-26,2027-04-30,37670,1
15,DINNER771,DINNER,Flat,125,799,125,2025-12-11,2027-04-24,30571,1
16,BREAKFAST242,BREAKFAST,Percentage,40,599,300,2025-09-21,2027-01-04,17719,0
17,FLASH508,FLASH,Flat,75,299,75,2025-01-12,2027-01-16,33892,0
18,SUPER873,SUPER,Percentage,50,299,100,2025-10-25,2026-11-11,41620,1
19,WEEKEND710,WEEKEND,Percentage,25,599,250,2026-04-14,2027-06-28,31174,1
20,HAPPY981,HAPPY,Percentage,40,199,400,2024-07-30,2027-05-16,45176,1
21,TREAT214,TREAT,Flat,125,299,125,2026-04-11,2026-09-26,30235,1
22,BREAKFAST612,BREAKFAST,Percentage,30,799,100,2026-01-18,2027-01-06,20058,1
23,HUNGRY482,HUNGRY,Percentage,30,599,500,2025-04-15,2026-11-10,537,1
24,WINTER119,WINTER,Percentage,20,399,500,2024-11-22,2026-10-17,16192,1
25,LUNCH999,LUNCH,Percentage,10,499,400,2026-03-10,2026-12-03,5035,1
26,HUNGRY775,HUNGRY,Flat,150,299,150,2024-10-12,2026-08-31,17870,0
27,DINNER652,DINNER,Percentage,40,499,200,2025-05-16,2026-09-01,44519,1
28,SUMMER629,SUMMER,Flat,50,299,50,2025-04-29,2027-06-20,15225,1
29,TREAT121,TREAT,Percentage,30,199,150,2025-04-18,2027-03-17,5152,1
30,LUNCH169,LUNCH,Percentage,50,199,200,2025-02-15,2027-06-04,34195,1
31,BREAKFAST785,BREAKFAST,Flat,75,599,75,2024-08-27,2027-05-05,9171,0
32,LUNCH903,LUNCH,Flat,250,499,250,2025-07-16,2027-02-19,12978,1
33,FOODIE774,FOODIE,Flat,100,499,100,2024-10-29,2027-07-19,27441,0
34,SAVEBIG789,SAVEBIG,Percentage,10,799,250,2025-05-15,2026-08-25,22736,1
35,LUNCH296,LUNCH,Percentage,30,299,250,2025-09-26,2026-11-16,28148,1
36,BREAKFAST573,BREAKFAST,Percentage,50,499,100,2026-04-30,2027-03-27,36566,1
37,SAVEBIG767,SAVEBIG,Percentage,10,299,500,2025-11-17,2027-07-04,11399,0
38,WINTER592,WINTER,Percentage,50,199,250,2026-05-25,2026-12-13,11289,0
39,WELCOME499,WELCOME,Flat,250,499,250,2025-10-16,2026-10-08,19194,0
40,HAPPY777,HAPPY,Flat,75,299,75,2026-01-23,2026-08-22,19945,1
41,SAVEBIG693,SAVEBIG,Percentage,40,199,200,2024-08-29,2027-04-08,3786,0
42,RAINY973,RAINY,Percentage,10,199,300,2025-01-18,2027-05-22,12678,1
43,GOAT169,GOAT,Percentage,25,599,100,2025-03-06,2026-08-25,16635,1
44,GOAT183,GOAT,Flat,200,599,200,2026-05-20,2026-10-24,37542,1
45,BREAKFAST309,BREAKFAST,Flat,75,399,75,2026-05-29,2026-09-03,26438,1
46,FAST568,FAST,Flat,250,199,250,2025-05-16,2026-11-10,1110,0
47,GOAT676,GOAT,Percentage,10,299,300,2025-07-12,2027-03-29,33653,1
48,HUNGRY457,HUNGRY,Percentage,15,399,200,2026-05-03,2026-12-14,10838,0
49,HAPPY820,HAPPY,Flat,150,799,150,2024-11-28,2026-12-16,35164,1
50,HAPPY406,HAPPY,Percentage,15,199,200,2025-04-26,2026-10-15,7514,1
51,BREAKFAST388,BREAKFAST,Percentage,40,299,200,2025-12-27,2026-11-06,45555,1
52,RAINY600,RAINY,Flat,250,199,250,2026-01-21,2027-07-24,6548,0
53,BREAKFAST145,BREAKFAST,Percentage,20,299,500,2026-01-06,2027-04-03,42253,1
54,MEAL859,MEAL,Flat,150,799,150,2024-09-18,2027-03-19,28528,1
55,FOODIE177,FOODIE,Percentage,30,399,100,2025-11-30,2026-09-30,38675,1
56,WEEKEND230,WEEKEND,Percentage,20,199,200,2025-09-12,2027-05-05,23949,1
57,LUNCH782,LUNCH,Percentage,20,599,500,2025-01-31,2026-09-27,27132,1
58,LUNCH985,LUNCH,Percentage,50,299,500,2025-07-19,2026-12-20,27520,1
59,MEAL854,MEAL,Flat,250,499,250,2025-02-19,2027-07-20,44403,1
60,BREAKFAST263,BREAKFAST,Percentage,25,199,500,2025-12-04,2027-04-19,31347,1
61,DINNER936,DINNER,Flat,100,399,100,2025-09-30,2026-10-19,15415,1
62,WELCOME775,WELCOME,Percentage,25,399,200,2026-01-07,2026-11-28,5049,1
63,SPECIAL756,SPECIAL,Flat,200,599,200,2026-05-10,2027-05-20,22202,1
64,FOODIE998,FOODIE,Flat,75,599,75,2026-03-19,2026-08-16,17897,1
65,FOODIE710,FOODIE,Flat,100,799,100,2025-01-18,2027-06-10,21057,0
66,GOAT623,GOAT,Percentage,25,299,300,2024-08-18,2027-06-03,17193,1
67,WEEKEND101,WEEKEND,Percentage,20,199,250,2025-03-27,2026-12-28,44031,1
68,GOAT421,GOAT,Percentage,40,599,200,2025-02-17,2026-08-20,20769,0
69,TREAT512,TREAT,Flat,150,299,150,2025-01-04,2027-07-15,13072,0
70,FESTIVE793,FESTIVE,Percentage,30,399,300,2025-10-08,2027-07-01,27112,1
71,FAST393,FAST,Percentage,25,599,500,2026-02-02,2026-11-25,40258,1
72,SUMMER552,SUMMER,Flat,200,299,200,2025-01-06,2027-04-06,34000,0
73,MEAL774,MEAL,Percentage,20,799,300,2025-08-16,2026-12-26,41980,1
74,SUPER938,SUPER,Percentage,40,299,200,2026-06-12,2027-07-16,13550,1
75,WELCOME147,WELCOME,Percentage,25,199,300,2025-12-06,2027-01-20,30346,0
76,FLASH299,FLASH,Flat,125,499,125,2024-11-12,2026-11-05,16489,1
77,WELCOME868,WELCOME,Percentage,50,299,250,2024-11-10,2026-10-29,12026,0
78,SAVEBIG670,SAVEBIG,Percentage,50,499,100,2026-02-23,2027-03-01,9238,0
79,RAINY672,RAINY,Flat,250,499,250,2025-09-16,2026-11-05,40650,0
80,HAPPY556,HAPPY,Percentage,40,499,500,2026-02-25,2027-03-10,29995,1
81,LUNCH960,LUNCH,Flat,250,599,250,2025-06-22,2027-07-09,32258,1
82,BREAKFAST550,BREAKFAST,Percentage,40,299,200,2025-10-21,2026-12-28,18307,1
83,TREAT653,TREAT,Percentage,15,299,150,2025-05-02,2026-10-19,25602,1
84,DINNER165,DINNER,Flat,125,399,125,2024-11-09,2027-02-08,36060,0
85,WEEKEND163,WEEKEND,Percentage,50,499,250,2025-08-12,2026-08-30,38778,1
86,FLASH489,FLASH,Flat,50,399,50,2026-03-04,2026-08-13,20069,0
87,WEEKEND651,WEEKEND,Percentage,25,399,150,2026-05-24,2026-09-06,29062,0
88,WELCOME498,WELCOME,Flat,200,799,200,2024-11-20,2027-03-26,26997,1
89,SUMMER230,SUMMER,Percentage,25,599,300,2024-11-26,2027-05-29,43950,1
90,SUPER758,SUPER,Flat,75,499,75,2026-01-04,2027-01-05,12409,1
91,BREAKFAST488,BREAKFAST,Flat,75,499,75,2025-10-31,2026-08-19,21920,1
92,FESTIVE384,FESTIVE,Flat,100,199,100,2025-05-19,2026-12-21,31322,1
93,HAPPY153,HAPPY,Flat,75,799,75,2025-10-30,2027-01-23,4996,1
94,WELCOME353,WELCOME,Percentage,50,599,100,2025-09-08,2026-10-31,10486,1
95,HUNGRY584,HUNGRY,Percentage,30,499,150,2025-09-27,2027-06-25,46340,1
96,SPECIAL271,SPECIAL,Percentage,50,299,500,2024-08-02,2027-04-16,20884,1
97,FLASH126,FLASH,Flat,150,799,150,2026-02-04,2026-09-08,25096,0
98,DINNER177,DINNER,Percentage,10,399,400,2026-01-05,2027-07-04,45343,1
99,FLASH901,FLASH,Percentage,20,499,300,2025-09-15,2027-05-13,43853,1
100,SUPER618,SUPER,Flat,50,499,50,2025-02-17,2027-05-20,32625,1
101,WEEKEND470,WEEKEND,Flat,200,299,200,2025-12-04,2026-12-05,29040,1
102,RAINY766,RAINY,Flat,150,599,150,2024-10-19,2026-11-16,32186,0
103,WEEKEND945,WEEKEND,Flat,100,299,100,2025-06-27,2026-09-25,6179,1
104,SUMMER349,SUMMER,Flat,150,599,150,2025-07-12,2026-07-27,44290,0
105,TREAT129,TREAT,Flat,250,399,250,2026-02-05,2027-07-01,12417,0
106,DINNER463,DINNER,Flat,100,399,100,2026-02-03,2026-11-05,39569,1
107,HAPPY110,HAPPY,Percentage,10,799,150,2025-08-17,2027-05-17,27135,0
108,HAPPY876,HAPPY,Percentage,40,799,250,2024-12-10,2027-02-08,47151,0
109,SUMMER911,SUMMER,Percentage,10,299,200,2024-10-15,2027-06-29,27002,1
110,FAST779,FAST,Flat,125,599,125,2025-11-22,2026-11-18,35294,1
111,WEEKEND863,WEEKEND,Flat,100,799,100,2026-05-09,2027-03-31,30236,1
112,FAST357,FAST,Percentage,10,299,400,2025-08-23,2027-03-19,21179,1
113,HAPPY880,HAPPY,Percentage,15,799,150,2024-12-26,2026-09-23,32232,1
114,FLASH878,FLASH,Flat,50,299,50,2025-05-11,2027-05-18,19914,1
115,SPECIAL283,SPECIAL,Flat,50,799,50,2024-11-27,2027-02-20,35505,1
116,BREAKFAST146,BREAKFAST,Percentage,30,799,200,2026-03-21,2027-07-19,8775,0
117,FOODIE993,FOODIE,Percentage,30,499,200,2025-09-09,2027-07-17,31873,0
118,TREAT288,TREAT,Percentage,20,499,500,2024-07-25,2027-03-15,7976,1
119,FESTIVE603,FESTIVE,Percentage,30,799,400,2025-04-02,2027-01-31,4013,1
120,HUNGRY930,HUNGRY,Flat,50,299,50,2024-08-09,2026-09-07,8262,0
121,GOAT710,GOAT,Percentage,50,499,300,2025-05-02,2027-07-02,30024,0
122,FAST980,FAST,Flat,100,599,100,2026-05-01,2027-06-04,41199,1
123,GOAT857,GOAT,Percentage,50,799,150,2025-03-20,2026-10-26,14329,1
124,SUPER260,SUPER,Percentage,15,199,300,2024-09-07,2026-10-27,10758,1
125,WEEKEND561,WEEKEND,Flat,100,199,100,2026-06-06,2027-03-03,15670,1
126,FAST819,FAST,Flat,50,799,50,2024-09-24,2026-08-28,15797,1
127,FLASH777,FLASH,Percentage,25,599,100,2026-02-13,2027-01-30,15233,1
128,BREAKFAST946,BREAKFAST,Percentage,10,299,100,2026-04-19,2026-08-21,20659,1
129,SUMMER227,SUMMER,Flat,200,399,200,2026-03-07,2027-02-17,46357,0
130,BREAKFAST612,BREAKFAST,Flat,125,199,125,2026-03-11,2026-09-12,39692,1
131,WEEKEND852,WEEKEND,Flat,150,399,150,2024-11-01,2027-04-08,2195,1
132,LUNCH790,LUNCH,Percentage,50,399,400,2025-07-29,2027-02-24,38264,1
133,MEAL581,MEAL,Flat,100,299,100,2024-11-30,2026-11-05,38860,0
134,WINTER193,WINTER,Flat,100,499,100,2025-09-07,2027-06-29,22343,1
135,FOODIE978,FOODIE,Percentage,20,799,250,2025-11-08,2027-01-06,32971,1
136,FESTIVE933,FESTIVE,Percentage,25,399,100,2025-01-05,2027-07-21,17041,1
137,FOODIE891,FOODIE,Flat,250,599,250,2025-09-16,2027-05-15,575,0
138,WEEKEND155,WEEKEND,Percentage,30,599,200,2026-02-11,2027-04-19,33169,0
139,SAVEBIG308,SAVEBIG,Flat,150,299,150,2024-12-28,2027-04-28,19376,0
140,WINTER224,WINTER,Percentage,40,299,300,2025-03-24,2026-12-27,47016,1
141,FAST664,FAST,Percentage,30,199,250,2025-12-28,2027-04-04,15225,1
142,SUMMER220,SUMMER,Percentage,25,399,400,2025-05-11,2027-01-12,33849,1
143,WEEKEND954,WEEKEND,Flat,125,299,125,2026-06-23,2027-02-12,30435,1
144,FESTIVE295,FESTIVE,Percentage,50,399,100,2025-07-10,2026-09-10,27693,1
145,RAINY373,RAINY,Percentage,20,399,400,2025-02-02,2026-10-21,38965,0
146,HUNGRY557,HUNGRY,Flat,100,399,100,2024-09-12,2026-12-04,36670,0
147,SUMMER429,SUMMER,Percentage,40,599,150,2024-08-10,2027-03-11,25598,1
148,WEEKEND144,WEEKEND,Flat,200,499,200,2025-09-28,2026-10-23,46717,0
149,FESTIVE779,FESTIVE,Percentage,25,299,100,2025-10-25,2026-10-19,33418,1
150,FOODIE995,FOODIE,Flat,50,599,50,2024-07-30,2026-08-22,30445,1
151,HUNGRY519,HUNGRY,Percentage,10,399,250,2026-01-25,2027-03-28,22687,0
152,SUPER972,SUPER,Flat,250,799,250,2024-09-08,2026-10-22,35471,0
153,TREAT741,TREAT,Flat,250,599,250,2024-09-15,2027-07-12,2852,1
154,LUNCH746,LUNCH,Flat,75,799,75,2024-08-18,2027-06-24,6423,0
155,FOODIE878,FOODIE,Percentage,25,799,150,2025-04-07,2026-08-22,20125,1
156,SAVEBIG432,SAVEBIG,Percentage,20,399,200,2025-08-28,2026-10-26,28725,1
157,LUNCH643,LUNCH,Flat,150,799,150,2025-02-26,2027-04-11,12300,1
158,MEAL180,MEAL,Flat,150,799,150,2025-08-06,2026-10-17,16283,0
159,FLASH246,FLASH,Percentage,25,399,400,2025-09-16,2026-09-15,30618,1
160,WELCOME923,WELCOME,Flat,100,799,100,2026-02-06,2027-07-24,36321,1
161,SUPER552,SUPER,Flat,150,399,150,2026-06-10,2027-03-04,42373,0
162,BREAKFAST567,BREAKFAST,Flat,75,499,75,2025-10-15,2027-01-25,32167,1
163,LUNCH490,LUNCH,Flat,150,399,150,2025-01-29,2027-05-26,46327,1
164,WELCOME949,WELCOME,Flat,100,199,100,2025-07-27,2027-06-04,37588,1
165,GOAT863,GOAT,Flat,250,399,250,2025-06-06,2026-10-07,15581,1
166,LUNCH751,LUNCH,Percentage,30,799,200,2024-10-06,2026-09-01,47746,1
167,FOODIE742,FOODIE,Percentage,20,499,500,2025-12-18,2027-01-09,2686,1
168,HUNGRY192,HUNGRY,Flat,100,799,100,2025-04-26,2027-01-06,27730,1
169,DINNER235,DINNER,Flat,150,599,150,2025-06-09,2027-01-23,18360,1
170,BREAKFAST944,BREAKFAST,Flat,250,399,250,2026-05-26,2027-05-05,49426,1
171,FOODIE579,FOODIE,Percentage,15,299,500,2024-09-05,2027-04-13,44823,0
172,HAPPY474,HAPPY,Percentage,50,199,250,2025-12-14,2027-04-02,17831,1
173,SUMMER477,SUMMER,Flat,150,499,150,2024-10-09,2026-08-18,42347,1
174,FOODIE791,FOODIE,Percentage,25,599,100,2025-06-02,2027-05-04,37292,1
175,GOAT326,GOAT,Percentage,40,499,500,2025-04-14,2027-06-01,46445,1
176,WEEKEND219,WEEKEND,Percentage,10,399,100,2026-05-25,2026-09-06,32784,1
177,FOODIE340,FOODIE,Percentage,25,399,250,2025-02-03,2026-10-08,44440,0
178,FLASH860,FLASH,Percentage,25,199,400,2024-12-19,2027-02-19,32569,0
179,BREAKFAST133,BREAKFAST,Flat,75,499,75,2025-07-08,2026-09-18,29643,1
180,SPECIAL201,SPECIAL,Flat,150,799,150,2025-06-17,2026-10-05,24006,1
181,FESTIVE382,FESTIVE,Percentage,10,499,500,2025-02-26,2027-01-21,6507,1
182,GOAT121,GOAT,Percentage,50,299,200,2025-02-04,2027-06-30,8752,1
183,SUPER949,SUPER,Percentage,30,299,150,2024-09-21,2027-01-14,22032,1
184,GOAT102,GOAT,Flat,250,299,250,2026-04-13,2027-06-25,9019,1
185,MEAL212,MEAL,Percentage,15,399,100,2026-05-20,2027-02-24,16093,1
186,WELCOME278,WELCOME,Flat,50,299,50,2024-10-09,2026-08-14,49109,0
187,RAINY216,RAINY,Percentage,25,399,250,2025-12-13,2027-02-20,34135,1
188,SUMMER615,SUMMER,Percentage,30,799,100,2026-05-05,2026-07-31,43681,1
189,SUMMER758,SUMMER,Percentage,10,499,250,2024-10-05,2027-07-20,28436,1
190,WINTER829,WINTER,Flat,50,199,50,2026-03-02,2027-06-20,21609,1
191,SUPER229,SUPER,Flat,150,799,150,2025-01-24,2026-09-28,38862,1
192,FESTIVE711,FESTIVE,Flat,125,599,125,2025-06-05,2027-01-30,40177,0
193,FOODIE912,FOODIE,Percentage,50,799,400,2025-08-02,2026-10-17,36632,1
194,WEEKEND562,WEEKEND,Percentage,25,499,200,2026-05-27,2026-12-28,26631,0
195,FOODIE420,FOODIE,Flat,100,799,100,2026-06-25,2026-08-17,17204,1
196,HUNGRY803,HUNGRY,Flat,50,199,50,2024-11-29,2026-12-20,6094,1
197,WEEKEND198,WEEKEND,Flat,250,299,250,2024-07-26,2026-12-24,36962,1
198,FLASH675,FLASH,Flat,200,199,200,2025-02-15,2027-07-20,27422,1
199,WEEKEND988,WEEKEND,Percentage,20,399,300,2026-03-26,2027-05-26,23545,1
200,FLASH619,FLASH,Percentage,15,499,400,2025-07-13,2026-11-13,15196,1
201,SPECIAL965,SPECIAL,Flat,50,399,50,2025-06-18,2027-04-22,38124,1
202,WEEKEND965,WEEKEND,Percentage,30,799,400,2026-02-12,2027-05-26,18027,1
203,MEAL379,MEAL,Flat,100,399,100,2025-09-29,2027-04-09,900,1
204,HUNGRY679,HUNGRY,Flat,50,299,50,2026-02-03,2027-01-31,49060,1
205,SUPER864,SUPER,Percentage,25,499,250,2024-11-22,2026-10-07,22840,1
206,SPECIAL419,SPECIAL,Flat,250,599,250,2025-03-12,2026-10-18,39574,1
207,SAVEBIG259,SAVEBIG,Percentage,50,199,300,2024-09-08,2027-03-07,44669,1
208,BREAKFAST553,BREAKFAST,Flat,125,599,125,2026-02-16,2027-02-21,29469,0
209,BREAKFAST320,BREAKFAST,Percentage,20,199,250,2024-09-10,2027-05-12,19062,0
210,RAINY783,RAINY,Flat,50,299,50,2025-03-25,2026-08-17,26403,1
211,WELCOME309,WELCOME,Flat,75,299,75,2024-09-01,2027-03-09,17245,1
212,TREAT222,TREAT,Percentage,25,499,400,2025-07-30,2027-02-06,12014,1
213,FESTIVE645,FESTIVE,Percentage,30,799,300,2026-05-18,2027-02-17,23710,1
214,FESTIVE982,FESTIVE,Percentage,25,499,100,2024-11-24,2026-08-17,5602,1
215,FLASH539,FLASH,Flat,200,799,200,2025-08-23,2026-08-26,27873,1
216,FOODIE514,FOODIE,Percentage,20,599,150,2026-05-17,2026-10-06,30652,1
217,SUPER547,SUPER,Percentage,15,599,250,2024-09-16,2027-03-14,26743,1
218,FESTIVE991,FESTIVE,Flat,200,399,200,2024-09-15,2027-04-14,15020,1
219,MEAL178,MEAL,Percentage,30,299,300,2026-05-25,2026-10-25,23396,1
220,HUNGRY341,HUNGRY,Percentage,15,299,200,2025-06-03,2026-09-10,11870,1
221,SUPER281,SUPER,Flat,125,599,125,2026-06-16,2027-03-04,38476,0
222,FLASH758,FLASH,Flat,250,799,250,2025-02-01,2027-03-07,21218,1
223,SUMMER169,SUMMER,Flat,125,799,125,2025-10-29,2026-08-10,20345,1
224,FLASH157,FLASH,Flat,150,199,150,2025-11-18,2026-08-26,20842,0
225,SUMMER138,SUMMER,Percentage,20,399,500,2025-06-15,2027-04-07,5528,1
226,GOAT708,GOAT,Flat,125,599,125,2025-10-21,2027-03-02,36827,1
227,SUMMER929,SUMMER,Percentage,20,499,300,2025-09-04,2026-11-25,33357,1
228,SAVEBIG561,SAVEBIG,Percentage,50,399,500,2025-02-12,2026-10-13,47313,1
229,RAINY761,RAINY,Percentage,10,799,150,2025-12-27,2027-04-30,29188,0
230,RAINY635,RAINY,Percentage,20,399,200,2025-03-26,2026-10-26,25889,0
231,TREAT795,TREAT,Percentage,50,799,400,2025-02-16,2026-12-26,22431,1
232,TREAT196,TREAT,Flat,100,399,100,2024-11-03,2027-04-12,47930,1
233,TREAT183,TREAT,Percentage,20,799,200,2025-12-08,2026-11-19,46275,0
234,HUNGRY709,HUNGRY,Percentage,20,499,300,2025-07-15,2026-11-25,42671,1
235,HUNGRY786,HUNGRY,Percentage,40,499,400,2026-02-28,2027-07-24,33824,1
236,WELCOME471,WELCOME,Flat,75,299,75,2024-09-19,2026-07-29,22895,0
237,DINNER331,DINNER,Percentage,15,399,100,2025-07-15,2027-03-24,7128,1
238,TREAT997,TREAT,Percentage,30,299,250,2025-10-05,2026-09-02,11133,1
239,GOAT928,GOAT,Percentage,40,199,250,2024-09-19,2027-02-19,27426,1
240,LUNCH554,LUNCH,Flat,250,799,250,2025-01-06,2027-02-07,29920,1
241,HAPPY344,HAPPY,Flat,250,499,250,2025-02-15,2026-09-15,13215,1
242,FLASH551,FLASH,Flat,250,399,250,2025-04-22,2027-07-03,25526,0
243,MEAL936,MEAL,Percentage,50,299,300,2024-09-16,2027-07-02,16884,1
244,WINTER995,WINTER,Flat,150,199,150,2025-01-30,2026-12-16,47122,1
245,FAST185,FAST,Percentage,20,599,250,2025-03-03,2026-09-25,10156,0
246,SUPER327,SUPER,Flat,100,199,100,2025-06-30,2027-06-14,27690,1
247,FESTIVE614,FESTIVE,Flat,75,499,75,2025-09-19,2027-04-25,5848,1
248,LUNCH128,LUNCH,Flat,50,799,50,2025-03-16,2027-03-20,43095,1
249,HUNGRY240,HUNGRY,Percentage,20,499,500,2026-04-12,2027-04-05,46117,1
250,WINTER559,WINTER,Percentage,10,399,100,2025-09-08,2026-07-29,14633,1
251,HAPPY844,HAPPY,Flat,50,399,50,2025-12-25,2027-06-08,16073,1
252,FOODIE148,FOODIE,Percentage,25,599,400,2025-09-28,2026-11-19,30457,1
253,FOODIE956,FOODIE,Flat,150,599,150,2025-12-22,2026-09-04,1577,1
254,HUNGRY398,HUNGRY,Flat,50,599,50,2026-06-07,2026-09-16,23622,1
255,FLASH526,FLASH,Percentage,40,199,400,2025-02-15,2026-09-08,34807,1
256,SUPER638,SUPER,Percentage,25,499,500,2026-06-16,2026-09-05,3353,0
257,SPECIAL359,SPECIAL,Percentage,20,199,500,2026-02-21,2027-02-25,23096,1
258,FOODIE890,FOODIE,Flat,75,199,75,2024-11-22,2026-11-08,23588,1
259,MEAL950,MEAL,Flat,200,499,200,2025-02-28,2027-03-17,41901,1
260,HUNGRY164,HUNGRY,Flat,50,399,50,2025-01-04,2027-04-30,13711,1
261,DINNER142,DINNER,Flat,100,599,100,2025-04-17,2026-10-13,26598,0
262,BREAKFAST137,BREAKFAST,Percentage,20,199,200,2026-01-09,2027-03-29,43474,1
263,BREAKFAST227,BREAKFAST,Flat,125,499,125,2026-05-18,2026-11-05,49213,0
264,FESTIVE447,FESTIVE,Percentage,25,499,400,2025-08-21,2027-01-31,24574,1
265,SUPER844,SUPER,Flat,50,499,50,2025-02-05,2027-07-12,39982,1
266,HAPPY400,HAPPY,Flat,50,199,50,2026-05-13,2026-08-14,21990,1
267,FAST556,FAST,Flat,75,799,75,2024-10-04,2027-03-29,29591,1
268,SUMMER143,SUMMER,Flat,150,499,150,2025-06-19,2027-06-13,18493,1
269,SUPER787,SUPER,Flat,100,599,100,2025-02-24,2026-08-12,49645,1
270,WELCOME246,WELCOME,Flat,50,299,50,2024-07-27,2026-12-02,4906,1
271,SPECIAL470,SPECIAL,Flat,150,199,150,2026-03-15,2026-09-14,40155,1
272,SUMMER479,SUMMER,Flat,125,199,125,2025-12-01,2026-11-04,38112,1
273,RAINY475,RAINY,Flat,100,799,100,2024-11-27,2027-05-09,18764,1
274,FOODIE126,FOODIE,Percentage,25,499,300,2025-07-03,2027-02-25,37309,1
275,BREAKFAST893,BREAKFAST,Flat,200,499,200,2026-01-24,2027-01-08,14562,1
276,WINTER304,WINTER,Percentage,15,199,500,2025-10-03,2026-07-29,30125,1
277,SUMMER189,SUMMER,Flat,200,399,200,2024-10-19,2026-08-24,47000,1
278,HAPPY655,HAPPY,Flat,100,299,100,2026-06-10,2027-04-20,47149,1
279,SPECIAL620,SPECIAL,Percentage,10,299,150,2024-11-17,2027-02-22,16014,0
280,WELCOME469,WELCOME,Flat,125,599,125,2024-08-21,2027-06-15,9004,1
281,SUPER416,SUPER,Flat,200,799,200,2025-05-07,2027-03-09,31869,0
282,WEEKEND943,WEEKEND,Percentage,15,799,200,2025-09-27,2026-09-21,5360,0
283,SUMMER796,SUMMER,Flat,75,599,75,2025-06-23,2026-09-13,42429,1
284,HUNGRY543,HUNGRY,Percentage,50,599,100,2024-08-26,2026-11-22,10528,1
285,MEAL265,MEAL,Flat,200,299,200,2025-05-04,2027-07-10,23176,1
286,SUPER356,SUPER,Percentage,40,399,300,2026-04-04,2027-06-25,8703,1
287,GOAT646,GOAT,Percentage,30,299,400,2024-08-24,2027-07-10,39284,1
288,MEAL774,MEAL,Flat,250,599,250,2025-04-28,2026-10-15,3199,1
289,SUPER146,SUPER,Flat,200,299,200,2026-01-05,2026-10-30,37995,0
290,GOAT754,GOAT,Percentage,25,599,400,2025-12-25,2026-09-03,19483,1
291,WINTER350,WINTER,Flat,100,499,100,2025-04-25,2027-05-24,5282,1
292,MEAL550,MEAL,Flat,125,499,125,2025-10-02,2027-07-04,13870,1
293,GOAT247,GOAT,Flat,250,799,250,2026-06-04,2026-12-30,21426,1
294,FESTIVE233,FESTIVE,Flat,150,599,150,2025-11-19,2027-05-13,7458,1
295,LUNCH577,LUNCH,Percentage,20,299,250,2024-11-22,2027-07-20,9732,1
296,SAVEBIG397,SAVEBIG,Flat,250,599,250,2025-01-24,2027-06-26,27902,1
297,MEAL933,MEAL,Flat,150,799,150,2024-11-28,2027-06-01,20994,1
298,MEAL610,MEAL,Flat,125,399,125,2026-04-15,2026-10-02,33095,1
299,SUPER502,SUPER,Flat,75,299,75,2026-06-09,2027-01-02,38730,1
300,SAVEBIG151,SAVEBIG,Flat,125,599,125,2024-08-13,2026-10-03,43377,0
301,FAST649,FAST,Percentage,50,499,100,2026-02-17,2027-07-20,9277,1
302,SPECIAL882,SPECIAL,Flat,100,199,100,2025-04-09,2027-05-25,26752,1
303,FLASH675,FLASH,Percentage,20,399,300,2025-06-09,2027-06-02,5318,0
304,RAINY561,RAINY,Flat,250,599,250,2025-12-27,2027-06-26,45090,1
305,HUNGRY199,HUNGRY,Flat,100,399,100,2026-02-15,2027-06-05,37058,1
306,HUNGRY303,HUNGRY,Flat,150,199,150,2025-02-02,2026-11-06,3469,1
307,HUNGRY830,HUNGRY,Flat,250,499,250,2024-11-25,2027-05-27,34534,0
308,HUNGRY720,HUNGRY,Percentage,20,399,300,2026-01-20,2026-09-05,11149,0
309,GOAT857,GOAT,Flat,150,399,150,2025-05-18,2027-06-29,33747,0
310,FLASH406,FLASH,Flat,250,199,250,2024-08-24,2027-06-24,24640,1
311,FOODIE526,FOODIE,Flat,250,799,250,2025-07-25,2026-10-20,45591,1
312,GOAT585,GOAT,Flat,200,599,200,2024-12-27,2027-06-08,38355,1
313,SAVEBIG697,SAVEBIG,Flat,75,599,75,2025-07-17,2026-12-08,41723,0
314,HUNGRY941,HUNGRY,Percentage,10,799,300,2025-03-19,2027-06-09,7702,1
315,WELCOME551,WELCOME,Flat,125,299,125,2026-04-03,2027-06-29,27563,1
316,WEEKEND613,WEEKEND,Flat,250,799,250,2025-01-17,2026-10-20,48171,1
317,HUNGRY631,HUNGRY,Percentage,30,799,200,2024-08-12,2027-04-08,31850,0
318,TREAT277,TREAT,Flat,150,399,150,2024-12-22,2026-12-27,36300,1
319,BREAKFAST724,BREAKFAST,Flat,75,299,75,2025-04-05,2026-11-11,18784,1
320,LUNCH404,LUNCH,Flat,200,299,200,2026-05-27,2026-08-21,45735,0
321,TREAT591,TREAT,Flat,150,799,150,2026-03-17,2026-11-11,18421,1
322,FOODIE687,FOODIE,Flat,125,399,125,2025-04-23,2027-04-01,10099,1
323,SAVEBIG394,SAVEBIG,Percentage,20,799,250,2025-08-24,2026-12-28,17306,0
324,DINNER306,DINNER,Flat,150,799,150,2026-01-03,2027-06-18,18300,1
325,FOODIE730,FOODIE,Percentage,15,799,100,2025-09-14,2026-12-01,35302,1
326,LUNCH153,LUNCH,Percentage,25,799,200,2024-08-15,2026-09-08,31459,1
327,HUNGRY105,HUNGRY,Percentage,25,499,400,2026-06-06,2026-11-04,31790,1
328,FAST428,FAST,Flat,200,199,200,2024-12-10,2027-03-08,6362,1
329,HAPPY856,HAPPY,Percentage,15,299,250,2025-02-16,2026-08-09,2881,0
330,WINTER290,WINTER,Flat,50,199,50,2024-10-17,2027-03-14,20055,1
331,TREAT391,TREAT,Flat,200,599,200,2025-06-27,2026-12-07,34861,0
332,HUNGRY971,HUNGRY,Flat,100,299,100,2026-02-10,2027-05-27,7882,1
333,MEAL848,MEAL,Flat,200,399,200,2025-03-25,2027-01-11,47594,1
334,WELCOME854,WELCOME,Flat,250,399,250,2025-11-07,2027-02-09,37710,1
335,MEAL725,MEAL,Flat,250,499,250,2024-10-22,2026-12-22,34269,1
336,SUPER510,SUPER,Percentage,15,499,150,2026-06-23,2027-03-06,21707,1
337,WELCOME367,WELCOME,Flat,75,499,75,2024-12-19,2026-11-01,49898,1
338,TREAT409,TREAT,Percentage,20,399,400,2024-08-28,2027-04-27,45901,1
339,SAVEBIG783,SAVEBIG,Percentage,25,299,200,2025-06-28,2026-07-26,27069,1
340,FOODIE754,FOODIE,Flat,100,599,100,2025-09-01,2027-07-20,14973,1
341,HUNGRY589,HUNGRY,Percentage,25,599,400,2026-04-12,2027-02-20,24985,0
342,HAPPY582,HAPPY,Percentage,50,799,150,2026-01-09,2027-05-01,49962,1
343,RAINY557,RAINY,Flat,50,599,50,2026-02-21,2027-05-08,7853,1
344,HAPPY617,HAPPY,Percentage,30,299,300,2025-12-27,2026-10-10,11283,1
345,RAINY552,RAINY,Percentage,40,799,150,2025-05-03,2027-01-09,38717,0
346,SUPER622,SUPER,Flat,250,199,250,2024-09-17,2027-04-09,30216,1
347,RAINY525,RAINY,Flat,150,199,150,2025-04-07,2027-03-25,37121,0
348,FAST840,FAST,Percentage,25,199,200,2025-03-25,2027-04-09,49377,1
349,FLASH174,FLASH,Percentage,25,799,200,2026-05-14,2026-09-12,4678,1
350,SUPER583,SUPER,Percentage,20,299,250,2026-02-04,2027-07-10,9375,0
351,SPECIAL491,SPECIAL,Flat,250,499,250,2025-03-15,2027-02-07,25118,1
352,HAPPY236,HAPPY,Flat,50,299,50,2025-03-22,2027-04-10,35709,0
353,RAINY230,RAINY,Percentage,50,199,100,2025-06-07,2026-11-29,20053,0
354,HAPPY534,HAPPY,Flat,250,299,250,2025-06-02,2027-04-22,16720,0
355,SPECIAL258,SPECIAL,Flat,75,799,75,2025-03-11,2027-02-26,7895,1
356,WEEKEND729,WEEKEND,Percentage,15,199,150,2024-10-31,2026-10-08,7112,1
357,SUMMER712,SUMMER,Percentage,15,199,400,2025-06-16,2027-04-10,26862,0
358,LUNCH652,LUNCH,Percentage,50,199,500,2025-05-15,2027-04-15,9683,1
359,LUNCH935,LUNCH,Flat,150,599,150,2026-02-26,2027-07-11,44575,1
360,LUNCH409,LUNCH,Percentage,40,299,300,2024-12-07,2027-03-22,27603,1
361,BREAKFAST162,BREAKFAST,Percentage,40,499,400,2025-10-10,2026-11-19,36928,0
362,SAVEBIG452,SAVEBIG,Flat,250,599,250,2025-06-05,2027-02-23,21388,0
363,WEEKEND252,WEEKEND,Flat,125,299,125,2026-05-03,2026-07-26,49941,0
364,LUNCH969,LUNCH,Percentage,20,799,500,2025-03-18,2026-11-14,9960,0
365,SAVEBIG675,SAVEBIG,Flat,125,599,125,2025-01-04,2027-01-08,35233,1
366,FESTIVE348,FESTIVE,Flat,75,399,75,2026-03-27,2027-03-08,42882,1
367,SUMMER967,SUMMER,Flat,50,599,50,2025-11-08,2027-04-06,47986,1
368,SAVEBIG374,SAVEBIG,Flat,200,599,200,2025-04-01,2027-01-22,40013,1
369,SUPER292,SUPER,Percentage,25,399,150,2025-07-03,2027-01-13,20369,1
370,DINNER294,DINNER,Percentage,40,499,500,2025-12-31,2026-10-16,16398,1
371,FESTIVE345,FESTIVE,Flat,250,399,250,2025-08-26,2027-01-25,25447,0
372,HAPPY764,HAPPY,Flat,100,399,100,2026-04-02,2027-07-10,24069,0
373,SUMMER200,SUMMER,Flat,250,399,250,2026-04-04,2027-05-07,13812,1
374,TREAT523,TREAT,Percentage,30,299,500,2024-12-03,2027-04-07,49078,1
375,WELCOME367,WELCOME,Flat,100,299,100,2024-09-28,2026-11-13,13357,1
376,LUNCH488,LUNCH,Percentage,25,799,300,2025-08-29,2027-04-09,45382,1
377,BREAKFAST881,BREAKFAST,Flat,200,799,200,2025-11-28,2027-03-23,48970,0
378,SUMMER272,SUMMER,Flat,75,299,75,2025-04-11,2026-08-31,47706,0
379,MEAL655,MEAL,Percentage,30,199,100,2026-04-21,2027-05-13,44292,1
380,WELCOME522,WELCOME,Percentage,50,299,400,2025-01-23,2027-04-13,4954,1
381,WELCOME323,WELCOME,Flat,100,199,100,2025-03-23,2026-10-21,40990,0
382,WINTER116,WINTER,Percentage,30,499,300,2026-04-12,2026-10-11,1276,1
383,RAINY839,RAINY,Flat,150,399,150,2024-11-16,2026-08-04,1623,0
384,MEAL209,MEAL,Percentage,30,299,150,2024-08-29,2026-10-29,13078,1
385,SPECIAL373,SPECIAL,Flat,50,399,50,2025-07-29,2027-03-20,27109,0
386,FLASH349,FLASH,Percentage,20,199,400,2026-05-16,2027-05-20,43343,1
387,SUPER515,SUPER,Flat,125,599,125,2024-09-19,2027-01-18,31695,1
388,WELCOME819,WELCOME,Percentage,10,499,250,2025-06-11,2027-07-05,42764,1
389,FLASH978,FLASH,Percentage,30,299,100,2025-11-26,2027-03-06,14355,0
390,BREAKFAST147,BREAKFAST,Percentage,40,599,200,2024-12-23,2027-04-30,37430,1
391,MEAL970,MEAL,Flat,50,299,50,2026-01-16,2026-12-22,38971,1
392,FESTIVE178,FESTIVE,Flat,75,599,75,2025-08-12,2026-12-28,16259,0
393,HAPPY439,HAPPY,Flat,250,799,250,2025-01-30,2026-09-21,9671,1
394,RAINY863,RAINY,Flat,50,199,50,2025-12-16,2027-04-19,29145,1
395,SUPER448,SUPER,Flat,250,399,250,2024-07-29,2027-07-07,2441,1
396,SUMMER602,SUMMER,Percentage,20,499,300,2026-02-28,2027-06-25,28801,1
397,FLASH776,FLASH,Flat,50,599,50,2026-03-15,2027-07-04,19857,1
398,SUPER184,SUPER,Flat,75,499,75,2024-10-15,2027-05-24,47140,1
399,FESTIVE424,FESTIVE,Flat,50,199,50,2025-06-20,2026-10-18,840,1
400,SUMMER468,SUMMER,Flat,50,299,50,2024-12-08,2027-06-03,6221,1
401,WEEKEND559,WEEKEND,Flat,50,199,50,2026-01-16,2027-02-12,6373,1
402,HAPPY195,HAPPY,Flat,250,499,250,2025-07-20,2026-08-14,1308,1
403,WEEKEND497,WEEKEND,Percentage,40,299,300,2025-09-30,2026-10-30,37983,1
404,FESTIVE273,FESTIVE,Percentage,20,399,200,2026-05-14,2026-09-11,32817,1
405,SUPER271,SUPER,Flat,100,499,100,2025-07-14,2026-09-15,20144,0
406,SUPER469,SUPER,Flat,75,799,75,2026-04-08,2027-01-22,41462,0
407,GOAT731,GOAT,Percentage,25,299,100,2025-12-25,2027-02-17,20466,1
408,FESTIVE440,FESTIVE,Flat,250,399,250,2025-10-02,2027-03-14,29350,1
409,WEEKEND935,WEEKEND,Percentage,20,599,200,2025-03-28,2027-05-15,46066,1
410,WINTER421,WINTER,Percentage,25,399,200,2026-06-17,2027-01-13,48660,0
411,FLASH900,FLASH,Percentage,20,399,250,2025-11-12,2027-06-07,26251,1
412,FOODIE677,FOODIE,Percentage,30,299,300,2026-02-03,2027-07-07,45176,1
413,SUMMER825,SUMMER,Percentage,25,399,500,2025-08-21,2027-01-07,45905,1
414,WEEKEND789,WEEKEND,Flat,75,799,75,2026-05-01,2027-07-13,20346,1
415,BREAKFAST774,BREAKFAST,Percentage,40,499,250,2025-09-23,2027-01-15,5347,0
416,GOAT590,GOAT,Flat,150,599,150,2026-06-21,2026-09-25,45831,0
417,HAPPY137,HAPPY,Flat,200,599,200,2026-02-22,2027-06-25,39416,1
418,FOODIE887,FOODIE,Percentage,40,399,400,2025-07-28,2027-01-16,11401,1
419,FLASH760,FLASH,Flat,250,399,250,2025-02-11,2027-05-13,28710,1
420,WELCOME200,WELCOME,Flat,75,599,75,2025-02-02,2027-06-17,49445,1
421,SUMMER483,SUMMER,Flat,125,799,125,2025-12-02,2026-11-10,39073,1
422,SPECIAL125,SPECIAL,Flat,50,399,50,2026-03-11,2027-05-24,27761,1
423,FOODIE951,FOODIE,Percentage,20,399,200,2025-09-02,2027-01-30,30340,1
424,RAINY594,RAINY,Flat,125,199,125,2025-11-23,2026-10-26,29215,0
425,TREAT168,TREAT,Flat,50,799,50,2025-02-23,2027-01-12,8042,1
426,TREAT763,TREAT,Percentage,40,299,500,2024-09-23,2027-04-29,49028,1
427,RAINY278,RAINY,Percentage,20,499,300,2025-03-03,2026-10-25,30781,1
428,FESTIVE744,FESTIVE,Percentage,15,799,400,2025-02-21,2026-12-03,28820,0
429,WELCOME855,WELCOME,Percentage,25,499,300,2025-03-30,2027-07-07,25982,1
430,DINNER310,DINNER,Flat,250,799,250,2025-09-17,2026-08-26,4600,1
431,HAPPY291,HAPPY,Flat,100,299,100,2024-11-09,2026-09-22,30486,1
432,BREAKFAST786,BREAKFAST,Flat,150,799,150,2025-01-20,2026-12-21,21039,0
433,GOAT501,GOAT,Percentage,20,499,200,2026-01-15,2026-09-23,40959,1
434,FAST729,FAST,Percentage,40,399,150,2026-01-24,2026-10-17,8224,1
435,FAST219,FAST,Percentage,20,299,400,2024-09-12,2027-01-03,33977,0
436,WEEKEND710,WEEKEND,Percentage,30,499,250,2025-06-06,2026-12-01,12673,0
437,HAPPY810,HAPPY,Percentage,30,499,150,2025-09-19,2027-01-22,19429,1
438,MEAL422,MEAL,Flat,150,199,150,2025-06-12,2026-08-19,24029,1
439,WINTER239,WINTER,Percentage,50,599,250,2025-01-01,2027-06-14,33624,0
440,WEEKEND801,WEEKEND,Flat,125,799,125,2025-06-16,2026-12-24,29588,0
441,MEAL184,MEAL,Percentage,50,299,500,2026-03-14,2027-03-09,19642,1
442,BREAKFAST330,BREAKFAST,Flat,75,499,75,2026-01-16,2026-08-02,37570,0
443,HAPPY623,HAPPY,Percentage,30,399,100,2026-05-21,2027-07-03,36093,1
444,HAPPY942,HAPPY,Percentage,50,499,400,2026-03-11,2027-03-06,36305,1
445,WEEKEND204,WEEKEND,Percentage,20,199,500,2025-05-16,2027-01-27,29973,1
446,SPECIAL982,SPECIAL,Percentage,25,199,500,2024-07-29,2026-12-09,16028,1
447,FLASH805,FLASH,Flat,250,799,250,2025-03-13,2027-05-14,40494,0
448,MEAL730,MEAL,Percentage,50,299,150,2025-05-23,2027-06-22,4390,1
449,HAPPY387,HAPPY,Percentage,20,399,400,2026-06-17,2027-06-15,19461,1
450,RAINY795,RAINY,Percentage,15,499,500,2025-06-15,2027-02-20,4385,1
451,HUNGRY818,HUNGRY,Percentage,15,799,150,2026-02-25,2027-05-07,21608,1
452,FESTIVE601,FESTIVE,Percentage,30,399,400,2025-09-22,2027-06-01,41644,0
453,FESTIVE562,FESTIVE,Percentage,40,199,500,2025-11-05,2027-07-09,26901,1
454,SPECIAL565,SPECIAL,Flat,100,599,100,2025-01-12,2027-01-31,662,1
455,SUMMER750,SUMMER,Flat,250,199,250,2025-01-11,2026-11-08,35524,0
456,DINNER539,DINNER,Percentage,25,399,200,2025-06-28,2027-01-30,19085,1
457,HAPPY691,HAPPY,Percentage,30,499,500,2024-08-16,2026-12-24,23027,1
458,SAVEBIG201,SAVEBIG,Flat,50,199,50,2025-04-12,2027-04-11,10853,0
459,SUMMER100,SUMMER,Flat,75,799,75,2026-01-03,2027-05-31,9145,1
460,MEAL995,MEAL,Flat,50,799,50,2025-06-04,2027-05-03,24121,1
461,SUPER480,SUPER,Percentage,10,799,250,2024-11-30,2027-06-17,20521,1
462,WEEKEND771,WEEKEND,Percentage,40,199,100,2025-07-23,2027-07-18,14486,0
463,SUPER235,SUPER,Percentage,30,499,400,2024-11-01,2027-03-24,1108,1
464,TREAT936,TREAT,Percentage,50,799,250,2025-09-12,2026-08-05,9162,0
465,SUPER334,SUPER,Flat,50,799,50,2025-05-27,2027-03-12,7212,1
466,TREAT476,TREAT,Flat,75,499,75,2025-10-06,2027-04-09,49858,1
467,HUNGRY170,HUNGRY,Percentage,30,299,400,2024-08-15,2026-08-27,29342,1
468,DINNER743,DINNER,Percentage,25,799,300,2025-12-06,2027-01-08,29492,1
469,SUPER202,SUPER,Percentage,50,599,100,2024-11-07,2027-06-27,48341,0
470,SPECIAL539,SPECIAL,Flat,250,299,250,2025-07-18,2026-10-04,16738,1
471,SUPER354,SUPER,Flat,250,799,250,2024-09-02,2026-11-04,2257,1
472,DINNER630,DINNER,Percentage,40,399,250,2025-05-15,2026-11-30,42847,1
473,LUNCH606,LUNCH,Flat,50,299,50,2025-01-05,2027-01-18,33240,1
474,RAINY112,RAINY,Flat,100,299,100,2025-04-04,2026-12-04,25851,0
475,SPECIAL659,SPECIAL,Percentage,50,199,250,2026-03-08,2027-07-02,1593,1
476,WELCOME368,WELCOME,Percentage,10,499,100,2025-05-15,2026-11-11,33701,1
477,RAINY885,RAINY,Flat,125,799,125,2026-03-01,2027-06-14,26863,1
478,HAPPY650,HAPPY,Percentage,20,399,100,2025-06-17,2026-10-31,5678,1
479,HUNGRY649,HUNGRY,Flat,125,599,125,2026-05-04,2026-08-26,42069,1
480,FAST815,FAST,Flat,200,299,200,2025-07-25,2026-08-02,4294,1
481,SUPER544,SUPER,Percentage,25,599,300,2026-02-26,2027-02-20,4106,1
482,MEAL222,MEAL,Percentage,40,799,150,2024-09-03,2026-12-08,1243,1
483,WINTER455,WINTER,Flat,75,399,75,2025-01-15,2027-04-04,8818,1
484,FOODIE889,FOODIE,Percentage,20,499,500,2024-09-16,2027-05-25,18324,1
485,BREAKFAST829,BREAKFAST,Percentage,25,599,250,2025-12-13,2026-08-10,24101,1
486,WINTER979,WINTER,Percentage,20,399,150,2026-03-02,2026-08-07,7243,1
487,LUNCH858,LUNCH,Percentage,10,199,500,2025-02-02,2026-10-11,16526,1
488,WINTER472,WINTER,Flat,75,299,75,2026-05-07,2026-08-02,2817,0
489,LUNCH429,LUNCH,Percentage,25,399,400,2025-11-19,2026-09-23,18277,1
490,FLASH481,FLASH,Percentage,30,199,400,2025-01-26,2026-09-13,12253,1
491,RAINY147,RAINY,Flat,50,499,50,2025-07-27,2027-04-11,19001,1
492,TREAT188,TREAT,Flat,50,399,50,2024-10-21,2027-03-02,13651,1
493,FLASH903,FLASH,Flat,200,599,200,2025-01-10,2027-01-22,16397,0
494,SPECIAL705,SPECIAL,Flat,250,299,250,2026-01-19,2026-11-02,48502,1
495,HUNGRY106,HUNGRY,Flat,50,299,50,2026-03-12,2026-12-16,35990,1
496,WELCOME443,WELCOME,Percentage,50,499,400,2024-12-02,2027-03-18,48870,1
497,FOODIE310,FOODIE,Percentage,25,199,250,2025-11-08,2027-05-12,9830,1
498,SUPER144,SUPER,Percentage,50,499,300,2026-02-02,2026-09-08,46430,1
499,SUMMER865,SUMMER,Percentage,30,599,100,2026-03-21,2027-06-09,9249,0
500,SUPER706,SUPER,Percentage,25,299,400,2024-11-29,2026-11-23,16017,1
