review_id,order_id,customer_id,restaurant_id,restaurant_rating,food_rating,delivery_rating,overall_rating,review_text,review_date
1,533167,438477,16066,2.6,3.3,3.7,3.2,Could be improved,1/17/2025
2,1809208,17288,12768,1.1,2.8,3.8,2.6,Decent food quality,4/13/2024
3,593174,209121,43190,5,2.9,1.8,3.2,Could be improved,5/8/2026
4,1806916,355489,25816,2.5,1,2.7,2.1,Taste was not good,3/23/2023
5,647068,200765,26390,4.2,4.9,2.6,3.9,Decent food quality,8/24/2023
6,1399233,467158,13807,1.8,3.4,5,3.4,Food was okay,6/30/2025
7,925839,6109,47634,2.2,1.3,3.2,2.2,Not satisfied with service,3/28/2023
8,350873,127968,30662,3.3,3,2.9,3.1,Could be improved,2/20/2023
9,1075905,191369,7076,1.7,4.2,4.6,3.5,Food was okay,12/7/2023
10,577611,394580,9770,3.4,2.3,1.9,2.5,Poor food quality,11/8/2025
11,1392339,3039,17055,2.6,3.1,1.6,2.4,Not satisfied with service,11/5/2025
12,456427,464425,47667,2.2,1.9,4.8,3,Average experience,1/9/2025
13,1837869,193149,27240,2.3,2.5,1.9,2.2,Poor food quality,4/2/2026
14,352349,206916,3307,2.7,3.2,3.9,3.3,Food was okay,3/6/2023
15,1130211,83609,38473,2.4,4.1,5,3.8,Food was okay,6/27/2023
16,746398,406773,8497,3,1.5,4.4,3,Average experience,2/5/2024
17,787635,175435,20618,4.5,1.9,3,3.1,Service was normal,6/20/2026
18,1576082,173720,3352,4.6,4.1,1.9,3.5,Average experience,11/7/2026
19,27356,378725,2920,3.3,1.8,2.1,2.4,Not satisfied with service,5/19/2023
20,1806930,440993,24487,2.2,3.9,1.7,2.6,Service was normal,5/14/2025
21,1621679,312890,42889,2.8,3.7,1.7,2.7,Average experience,5/9/2023
22,1917605,19386,8461,2.1,4.4,3.4,3.3,Decent food quality,4/12/2023
23,850088,351269,8319,3.9,2.7,3.5,3.4,Could be improved,10/21/2026
24,1088036,293421,2921,3.4,4.5,3.5,3.8,Average experience,6/20/2023
25,379189,20315,20314,1.9,4.7,3.7,3.4,Decent food quality,1/13/2023
26,1124310,492770,37109,2.4,4.6,4.3,3.8,Could be improved,7/20/2023
27,499244,487352,21389,1.2,3.2,1.1,1.8,Packaging was damaged,3/17/2024
28,1309775,57484,36141,2.2,1.8,3.4,2.5,Not satisfied with service,11/6/2026
29,1746321,304607,15336,4.2,3.9,1.7,3.3,Decent food quality,7/15/2025
30,772473,191019,34571,2.7,3.9,2.1,2.9,Service was normal,10/14/2024
31,1403876,461209,37621,1,1.2,3.1,1.8,Late delivery experience,8/15/2023
32,230150,24454,38837,3,4,3.6,3.5,Decent food quality,4/13/2025
33,1956976,137592,25316,4.6,3.1,2.9,3.5,Service was normal,3/26/2023
34,1155898,321289,478,3.7,4.6,4.1,4.1,Food quality was great,6/25/2024
35,346060,41756,33172,1.7,4.9,3.3,3.3,Decent food quality,10/18/2026
36,1640475,34523,23799,4.2,2.1,2.8,3,Could be improved,10/17/2026
37,898766,248349,1419,2.8,4.9,1.3,3,Decent food quality,7/22/2024
38,1866177,499454,31580,4.2,2,4.5,3.6,Average experience,11/12/2025
39,222753,321136,13857,3.6,2.4,3.6,3.2,Food was okay,9/3/2026
40,243344,284039,48018,3.7,4.8,2,3.5,Decent food quality,7/23/2024
41,833136,316497,20983,1.5,3.3,1.1,2,Poor food quality,4/5/2025
42,626714,491241,25610,3.9,4.3,2.5,3.6,Food was okay,12/10/2023
43,977053,323589,23124,3,2.6,4.8,3.5,Food was okay,11/2/2026
44,1352957,311692,34731,3.6,4,1.7,3.1,Average experience,7/31/2024
45,55786,114703,16099,1.3,2.6,2.2,2,Late delivery experience,3/7/2026
46,751361,167953,49783,3.4,1.2,3.1,2.6,Service was normal,1/19/2024
47,1991329,276915,7661,3.5,2.1,4,3.2,Average experience,6/19/2025
48,1081658,378187,21965,3.2,4.4,1.3,3,Service was normal,3/2/2025
49,1288179,260592,32710,4,4.4,3.6,4,Fresh food and good packaging,1/21/2024
50,1621180,283999,24908,2.1,1.3,4.3,2.6,Decent food quality,1/31/2025
51,1506962,409649,39180,4.2,3,2.2,3.1,Decent food quality,7/27/2024
52,916191,16948,23291,2.2,3,2,2.4,Packaging was damaged,8/26/2026
53,845987,79591,24033,1.2,1.9,2.2,1.8,Late delivery experience,12/13/2024
54,867887,77627,8194,1.9,2.4,3.3,2.5,Poor food quality,12/15/2026
55,47316,383842,36112,2.2,4.8,3,3.3,Service was normal,5/21/2026
56,1391569,65516,23646,3.5,1.3,4.9,3.2,Could be improved,4/24/2026
57,14692,453239,41388,3.3,2.8,3.8,3.3,Average experience,10/4/2024
58,1727265,446470,40710,1.9,2.3,3.7,2.6,Could be improved,7/17/2023
59,1670934,315689,40740,4,4.5,3.2,3.9,Food was okay,4/6/2023
60,1287373,433545,12308,2.9,2.1,1.9,2.3,Food was cold,8/21/2025
61,486561,232049,19472,1.8,2.7,3.8,2.8,Food was okay,11/10/2026
62,142918,126454,16917,2.5,2.5,1.8,2.3,Taste was not good,11/5/2025
63,443829,63066,21066,3,3.1,1,2.4,Late delivery experience,5/8/2025
64,1033633,337691,9102,3.2,4.9,4.9,4.3,"Amazing taste, will order again",11/7/2024
65,1091642,123106,1642,1.5,1.1,4.1,2.2,Packaging was damaged,8/25/2026
66,1803936,136102,33088,5,3.5,4.7,4.4,Excellent food and fast delivery,5/27/2024
67,100537,146830,46669,3.7,1.7,3.2,2.9,Could be improved,2/15/2024
68,1948652,374547,6213,3.6,2.1,4,3.2,Service was normal,11/15/2025
69,937483,119635,40714,4.2,1.6,4.9,3.6,Average experience,8/12/2024
70,279234,302397,7087,3,1.5,4.3,2.9,Decent food quality,9/2/2025
71,1533723,439426,13147,4.9,2.2,2.6,3.2,Average experience,11/15/2023
72,461075,295082,11438,2.3,1.7,4.9,3,Could be improved,4/23/2026
73,1061626,117268,20368,2.9,1.9,1.1,2,Late delivery experience,3/27/2026
74,1539978,425802,39309,2.4,3,3.8,3.1,Decent food quality,2/8/2023
75,521164,251858,11950,2.8,3.9,1.1,2.6,Average experience,7/29/2023
76,1356818,417325,20922,1.6,2.4,4.7,2.9,Could be improved,6/7/2026
77,476780,345034,47004,1.2,2.2,1.5,1.6,Food was cold,9/18/2026
78,7998,269282,43002,5,2.5,3.9,3.8,Decent food quality,9/5/2026
79,414464,282236,16620,2,4.7,3.6,3.4,Decent food quality,6/9/2024
80,1787864,296127,38615,3.5,1.1,2.1,2.2,Packaging was damaged,7/24/2024
81,1764152,324322,20017,3.9,3.4,3.9,3.7,Average experience,11/6/2026
82,112738,348185,36845,4.5,3.9,2.4,3.6,Average experience,8/1/2026
83,1715695,235730,32222,3.2,2.3,1.2,2.2,Food was cold,9/3/2025
84,1043691,141800,34162,1.9,2.8,4.2,3,Could be improved,7/19/2025
85,401533,373746,8559,2.1,2.5,1.9,2.2,Not satisfied with service,7/31/2025
86,675518,46036,45697,4.2,1.7,3.1,3,Average experience,8/14/2026
87,1573950,89466,45758,2.3,3,1.6,2.3,Food was cold,1/28/2026
88,1915065,336286,15648,2.6,3.6,4.3,3.5,Average experience,5/15/2025
89,316433,208832,30470,1.4,3.9,3,2.8,Average experience,11/26/2026
90,543301,60388,28287,3.2,3,4.4,3.5,Decent food quality,1/2/2025
91,1327159,52210,35070,2.2,2.8,1.4,2.1,Poor food quality,3/6/2026
92,466655,437945,11185,4,2.5,4.6,3.7,Service was normal,2/23/2023
93,762796,452692,22116,3.6,2.8,1.6,2.7,Could be improved,2/29/2024
94,1569443,232527,6731,4.5,3.7,1,3.1,Food was okay,9/12/2025
95,777623,410363,7272,3,1.5,3.2,2.6,Service was normal,3/8/2025
96,1111900,3574,7352,4.5,1.5,2,2.7,Average experience,3/15/2024
97,1872907,397538,37936,2.3,2.3,2.8,2.5,Packaging was damaged,11/5/2025
98,1418902,168711,6441,4,3.7,2.4,3.4,Average experience,1/16/2023
99,1547514,476754,25545,1.7,3.2,1.7,2.2,Taste was not good,5/26/2025
100,308125,415986,28815,1.7,2.6,3.9,2.7,Could be improved,5/22/2025
101,1820073,462408,34442,2.9,3.9,2,2.9,Service was normal,4/16/2026
102,465122,365713,35045,3.2,3.3,2.1,2.9,Average experience,3/16/2023
103,702494,186794,41239,1.8,4.4,1.8,2.7,Service was normal,10/19/2023
104,837359,311067,33348,2,1.2,2.5,1.9,Poor food quality,6/19/2023
105,1145046,277404,35717,1.6,2,1.7,1.8,Late delivery experience,1/31/2026
106,576736,99797,29718,2.7,3.4,4.9,3.7,Service was normal,3/27/2026
107,312381,259141,18452,4.9,2.4,1.8,3,Service was normal,6/20/2024
108,497616,36160,38282,1.6,2.3,2.6,2.2,Poor food quality,5/23/2024
109,1114836,73456,23591,4.3,2.1,3.8,3.4,Service was normal,6/8/2025
110,320963,92751,37522,3.9,4.6,4,4.2,Fresh food and good packaging,5/23/2026
111,1103794,493242,26043,4.4,4.1,2.9,3.8,Average experience,2/10/2025
112,1793167,226319,6235,4.6,2.1,1.4,2.7,Service was normal,12/5/2026
113,1149010,321380,532,3.5,2,2.2,2.6,Average experience,10/8/2025
114,297594,401271,42293,4.8,4.9,1,3.6,Average experience,5/9/2023
115,662506,85216,27040,2.1,2.3,2.4,2.3,Late delivery experience,2/25/2025
116,1201654,443067,38239,1.9,1.9,1.6,1.8,Not satisfied with service,9/19/2023
117,1392078,113403,22484,4.2,2.8,3.2,3.4,Could be improved,5/3/2025
118,19736,200755,9462,4.5,3.3,2.1,3.3,Service was normal,12/13/2026
119,204619,293844,21259,2.7,4,4.3,3.7,Service was normal,6/5/2023
120,1703558,390379,7657,2.4,1,4.5,2.6,Decent food quality,6/4/2026
121,710522,181755,41600,2.4,2.7,4.1,3.1,Could be improved,5/12/2026
122,581045,482618,39801,3.6,1.3,3.3,2.7,Could be improved,12/7/2024
123,1575218,390066,10190,5,2,4.2,3.7,Decent food quality,11/22/2024
124,610027,131001,33278,2.7,2.2,2.1,2.3,Packaging was damaged,11/26/2023
125,76028,131930,15426,4,1.2,2.9,2.7,Service was normal,7/31/2025
126,696492,16647,942,3.3,1.7,4.2,3.1,Could be improved,8/18/2026
127,27710,214903,39732,2.3,4.3,3.5,3.4,Service was normal,11/30/2026
128,832093,280601,7419,2.6,1.7,4.4,2.9,Average experience,8/23/2024
129,347706,428374,39570,1.3,2.4,3.5,2.4,Taste was not good,4/30/2024
130,185644,97422,43765,4.8,2.8,2,3.2,Average experience,9/4/2023
131,761289,386710,30227,4.1,4.9,4.6,4.5,Food quality was great,3/11/2025
132,1319387,149689,47013,4.3,4.3,4.4,4.3,Food quality was great,4/21/2023
133,1674184,290069,33582,1.6,2.7,2.2,2.2,Not satisfied with service,8/4/2025
134,101179,255268,3631,1.8,3.2,3.6,2.9,Average experience,1/10/2024
135,906736,68000,48746,2.6,5,1.1,2.9,Could be improved,3/25/2026
136,1482661,481949,38264,4.9,1.1,2.1,2.7,Decent food quality,11/21/2026
137,296883,374699,27558,2.6,1.9,4.9,3.1,Food was okay,4/11/2024
138,700747,265110,15842,5,4.8,1.5,3.8,Average experience,9/26/2024
139,764715,179991,20540,4.3,4.4,1.2,3.3,Could be improved,11/9/2025
140,689189,69816,24583,3.7,2,4.2,3.3,Could be improved,5/12/2024
141,604071,19761,33663,1.3,3.1,4.4,2.9,Decent food quality,6/7/2026
142,1492744,150022,19419,1,2.4,2.5,2,Poor food quality,11/19/2025
143,780793,482914,7719,2,4.6,1.6,2.7,Food was okay,1/11/2023
144,1032463,29920,22623,3.1,1.5,4.7,3.1,Service was normal,4/26/2026
145,1059959,6060,20144,1.9,4.7,3.9,3.5,Average experience,11/19/2023
146,1447948,411553,25191,2.5,3.2,3.4,3,Service was normal,4/24/2025
147,1520084,132341,46013,2.3,1.5,2.6,2.1,Taste was not good,7/18/2023
148,712679,284988,9344,1.3,1.5,4.9,2.6,Service was normal,10/4/2023
149,1905367,96681,13332,2.5,1.4,4.5,2.8,Decent food quality,3/28/2024
150,514695,46357,12102,1,4.2,1.6,2.3,Not satisfied with service,6/5/2026
151,975794,168050,7167,1.3,4.7,4,3.3,Food was okay,11/20/2024
152,1516751,370511,1446,2.9,2.2,3.6,2.9,Average experience,12/6/2026
153,429303,110332,49963,1.2,4.8,2.3,2.8,Food was okay,4/23/2023
154,1310392,206386,37104,2.6,3.2,4,3.3,Food was okay,1/27/2025
155,1678854,369948,12959,3.4,3.6,1.2,2.7,Service was normal,1/20/2025
156,1379652,92198,9358,2.1,2,1.7,1.9,Food was cold,3/6/2024
157,1003290,59835,28759,2.2,2.4,3.3,2.6,Could be improved,11/13/2023
158,683895,390012,12490,5,3.4,1.1,3.2,Food was okay,1/28/2023
159,442914,36675,4962,2,4.1,4.3,3.5,Average experience,4/23/2024
160,687360,378835,35160,1.9,1.4,4.3,2.5,Packaging was damaged,3/31/2026
161,586473,354409,7177,4.5,4.1,3.5,4,"Amazing taste, will order again",3/5/2025
162,1589290,345325,46767,3,4.5,4.2,3.9,Service was normal,5/28/2025
163,492645,318519,4646,2.4,4.2,2.9,3.2,Decent food quality,8/17/2024
164,1445189,294090,34148,1.6,1.7,1,1.4,Packaging was damaged,5/15/2025
165,522389,35961,32731,1.5,1.9,3.5,2.3,Poor food quality,6/5/2025
166,1815304,211129,26906,3.3,4.3,1.9,3.2,Decent food quality,1/2/2024
167,604592,439979,1849,1.3,3.2,4,2.8,Average experience,11/27/2025
168,1141605,168719,27685,3,3.2,5,3.7,Decent food quality,8/17/2024
169,775350,186898,1663,4.3,3.3,2.4,3.3,Service was normal,5/7/2026
170,617987,98156,47279,4,4.1,2.4,3.5,Decent food quality,11/30/2026
171,1625069,185910,8548,3.9,1.7,3.6,3.1,Service was normal,12/7/2023
172,164896,143207,48453,3.2,3.6,4.5,3.8,Could be improved,9/8/2025
173,33625,45027,26248,5,4.4,4.5,4.6,Fresh food and good packaging,1/9/2025
174,185830,185375,32528,2.4,1.9,5,3.1,Could be improved,4/9/2024
175,1967545,324051,14894,2.9,3.9,4.5,3.8,Average experience,4/9/2025
176,1165953,74194,3914,4.8,1.9,3.2,3.3,Could be improved,4/9/2025
177,434018,433299,16723,4,3.5,1.1,2.9,Decent food quality,8/21/2026
178,17425,414899,47546,2.3,4.9,1.2,2.8,Food was okay,12/11/2024
179,1477646,428321,4384,2.6,2.7,4.5,3.3,Average experience,10/11/2025
180,1845185,312932,21535,1.6,1.3,3,2,Poor food quality,5/2/2023
181,1292949,368325,35163,1.9,2.1,1.5,1.8,Taste was not good,10/5/2023
182,786401,45699,1057,3.9,4.1,1.5,3.2,Could be improved,11/25/2026
183,688267,474590,40815,4.5,1.1,4.8,3.5,Average experience,2/9/2025
184,1473491,49566,16614,4.4,4.3,2.1,3.6,Decent food quality,1/29/2023
185,1065939,315156,1657,1.3,4.7,2.5,2.8,Food was okay,4/16/2025
186,1641166,243758,34190,4.6,1.2,1.9,2.6,Could be improved,12/8/2023
187,662209,37057,23555,2.1,2.8,2.7,2.5,Taste was not good,12/22/2024
188,137639,347546,29852,4.6,2.6,1.7,3,Service was normal,4/24/2025
189,724544,305029,44903,4.8,1.3,1.3,2.5,Taste was not good,1/7/2026
190,1176338,130332,14038,1.8,1.8,4.3,2.6,Average experience,4/8/2026
191,415695,353809,28219,4.8,3.3,3.8,4,"Amazing taste, will order again",7/27/2023
192,1166350,231934,49757,2.2,3.7,2.8,2.9,Average experience,7/8/2024
193,1869047,347839,10712,1.3,2.6,4.4,2.8,Could be improved,11/9/2026
194,385584,157067,24527,4.8,1.3,2.5,2.9,Could be improved,4/2/2026
195,32988,251386,43345,1.3,4.3,1.2,2.3,Poor food quality,8/16/2025
196,685212,396419,26058,2.1,3.1,1.5,2.2,Food was cold,1/12/2026
197,576049,181486,42350,4,3.2,4.3,3.8,Food was okay,8/18/2023
198,132280,480299,27244,5,3.9,1.9,3.6,Service was normal,2/9/2026
199,1100603,168812,18186,4.4,1.8,4.4,3.5,Decent food quality,2/5/2023
200,133708,277676,9355,2.6,3.1,2.7,2.8,Average experience,10/29/2025
201,137038,437826,35114,4.5,1,2.6,2.7,Service was normal,8/3/2024
202,32100,350880,46126,2.5,1.1,2,1.9,Food was cold,12/27/2025
203,268076,13331,24419,4.6,5,1.3,3.6,Food was okay,7/11/2023
204,1635756,328208,33620,2.7,2.1,1.2,2,Taste was not good,3/20/2024
205,1813635,264507,35397,2.6,4.9,3.3,3.6,Service was normal,11/17/2023
206,339995,23526,35927,2,1.4,2.5,2,Taste was not good,3/13/2023
207,690569,93725,26358,4.6,1.4,3.4,3.1,Could be improved,12/7/2023
208,1173451,260103,5833,4,2.2,1.6,2.6,Could be improved,11/18/2025
209,661429,207025,44072,3,1.4,1.7,2,Food was cold,8/25/2026
210,237242,46632,25789,3.7,4.5,3.1,3.8,Service was normal,9/16/2023
211,12923,215022,41803,3.9,1.6,4.4,3.3,Decent food quality,1/14/2023
212,672099,185802,24330,1.1,1.3,4.5,2.3,Taste was not good,8/28/2023
213,1003550,152141,30429,3.4,2.1,4.8,3.4,Decent food quality,3/16/2026
214,196513,318641,4157,3.8,3.6,4.1,3.8,Service was normal,5/23/2026
215,1888973,16928,42836,4,3.1,1.3,2.8,Food was okay,8/11/2024
216,1426470,264831,37320,1.4,4.1,2.2,2.6,Decent food quality,10/1/2025
217,421199,36367,22572,2.2,2.6,2.1,2.3,Taste was not good,9/6/2026
218,1486614,494619,6740,2.8,4.3,4.2,3.8,Decent food quality,4/9/2023
219,464241,206006,10499,2.1,1.1,2.1,1.8,Taste was not good,5/29/2024
220,1436514,281287,23969,1.3,1.6,1.5,1.5,Late delivery experience,3/11/2025
221,583709,206822,13099,4.9,4.6,4.5,4.7,Delivery was quick and smooth,6/29/2026
222,391705,319190,9561,2.9,1.1,4,2.7,Average experience,11/12/2026
223,476136,222656,22935,4.9,1.9,4.5,3.8,Food was okay,8/22/2025
224,1881600,470436,20970,2.6,3.7,4.6,3.6,Food was okay,4/24/2026
225,1500152,256699,43106,4,2.7,4.9,3.9,Average experience,2/24/2024
226,1291862,464029,29031,1.6,3.9,3,2.8,Service was normal,1/16/2026
227,149452,112212,4002,1.1,1.7,2.8,1.9,Packaging was damaged,1/22/2026
228,1358722,52337,36422,4.5,2.2,2.4,3,Food was okay,3/27/2023
229,1747352,358085,44675,3.7,3.2,4.7,3.9,Average experience,11/9/2024
230,1721346,190956,15483,3.5,1.5,4.7,3.2,Service was normal,4/17/2025
231,247495,301479,32217,1.5,4.4,2.1,2.7,Food was okay,10/13/2026
232,1190986,154118,17964,4.8,3.9,4.6,4.4,Fresh food and good packaging,12/26/2024
233,385594,397246,28782,3.5,4.9,3,3.8,Food was okay,11/10/2026
234,938454,344146,47808,4.4,3.9,3.1,3.8,Average experience,1/27/2024
235,60406,405552,165,3.2,2.4,4.6,3.4,Average experience,10/19/2023
236,192187,369151,38045,3.2,3.9,4.6,3.9,Average experience,4/20/2026
237,1123468,188631,23658,4.8,3.7,2.8,3.8,Average experience,9/10/2023
238,21901,340393,23238,1.8,2.2,2.5,2.2,Food was cold,8/29/2026
239,307789,477931,31475,2.4,4.7,2.6,3.2,Could be improved,3/12/2024
240,1194027,432093,28443,4.1,3.2,3.2,3.5,Could be improved,9/9/2025
241,1736037,477913,48499,4.2,2.4,1.4,2.7,Food was okay,8/28/2023
242,1635414,362170,3898,1.8,1.7,4.3,2.6,Service was normal,1/11/2023
243,1361442,372125,29261,2.1,3.1,1.4,2.2,Late delivery experience,7/29/2023
244,1199102,433118,13181,1.2,2.6,2.3,2,Poor food quality,3/13/2024
245,794028,110286,32516,4.4,1.2,2.6,2.7,Service was normal,7/24/2023
246,563367,444047,29890,4.5,2.6,2.7,3.3,Average experience,9/12/2024
247,1490054,342330,41728,1.9,4.4,1.9,2.7,Food was okay,8/25/2023
248,1198471,316132,26582,2.2,1.2,1.6,1.7,Packaging was damaged,9/8/2023
249,997042,90668,38235,3.3,4.9,2.1,3.4,Average experience,4/17/2026
250,1484844,203788,44295,3.1,4.1,3.2,3.5,Could be improved,7/24/2026
251,271101,217013,36547,3.6,1.5,1.4,2.2,Late delivery experience,5/3/2025
252,1049928,440286,16747,4,2.8,3.1,3.3,Could be improved,4/9/2025
253,10792,58095,7723,1.2,4.8,4.2,3.4,Service was normal,3/12/2026
254,919181,194444,38421,2.5,4.2,1.2,2.6,Service was normal,10/28/2023
255,1530047,207408,42795,2.4,3.7,3.8,3.3,Food was okay,5/7/2026
256,1123817,33195,25367,3.4,3.6,2,3,Average experience,5/11/2023
257,302521,228044,765,4.7,3.6,3.1,3.8,Food was okay,4/10/2023
258,1783296,416220,21027,3,2.4,4.1,3.2,Food was okay,4/21/2025
259,1447680,292990,28135,1.8,3.7,4.9,3.5,Decent food quality,4/27/2025
260,196929,44813,27507,3.8,2.2,4.9,3.6,Food was okay,2/18/2024
261,680147,18598,9171,4.7,1.4,1.6,2.6,Service was normal,2/21/2024
262,139773,416042,9657,2.9,4,1.2,2.7,Service was normal,1/12/2023
263,1855166,214676,49743,4.3,2.9,3.5,3.6,Decent food quality,6/13/2023
264,509862,427038,17898,4.1,4.3,3,3.8,Decent food quality,4/21/2023
265,1649408,388785,2989,2.8,3.8,4.7,3.8,Service was normal,3/22/2023
266,1678059,296599,47551,3.2,4.4,2.7,3.4,Could be improved,6/16/2026
267,221348,480260,25588,1.8,4.3,2.4,2.8,Food was okay,1/29/2025
268,61811,486438,42839,2.1,5,1.9,3,Decent food quality,11/27/2025
269,588185,11476,31073,5,4,4.9,4.6,"Amazing taste, will order again",6/11/2023
270,106974,385052,47447,2.1,2.9,2.4,2.5,Not satisfied with service,6/29/2026
271,679132,240430,38018,3.3,1.4,2.9,2.5,Food was cold,5/21/2024
272,1531879,268914,25676,1.2,3.4,2.8,2.5,Not satisfied with service,11/11/2023
273,77019,424776,28577,2.4,4.1,3.1,3.2,Average experience,1/27/2026
274,1338032,455122,27706,2.4,1.3,3.1,2.3,Packaging was damaged,11/20/2023
275,1076044,97303,43764,3.3,3.6,3.9,3.6,Decent food quality,4/15/2024
276,1958365,426450,29082,2.2,1.5,3.4,2.4,Poor food quality,8/17/2024
277,1323755,227673,43373,4.3,1.2,4.8,3.4,Service was normal,12/27/2026
278,1351297,317947,41590,4.2,2.3,1.7,2.7,Decent food quality,8/3/2023
279,342192,244488,39016,3,1.2,3.8,2.7,Average experience,11/30/2023
280,1772758,173638,20102,2.8,2.2,4.6,3.2,Decent food quality,7/13/2026
281,1531684,292804,37414,1.3,2.2,4.2,2.6,Could be improved,11/27/2024
282,1682184,328726,48333,4.4,1.1,1.9,2.5,Not satisfied with service,1/16/2024
283,143233,469891,17034,3.4,1.4,4.6,3.1,Could be improved,11/12/2026
284,431328,51400,19643,1.1,1.2,4,2.1,Taste was not good,3/23/2026
285,1458749,319524,19849,2.2,4.9,2,3,Service was normal,9/28/2025
286,667103,499400,36401,4.6,4.3,4.8,4.6,Fresh food and good packaging,11/20/2025
287,114314,363377,21811,2,3.1,2,2.4,Food was cold,10/30/2026
288,667841,189743,16945,4.3,1.8,3.5,3.2,Could be improved,1/29/2023
289,1675999,186779,13845,3.4,3.5,4.4,3.8,Average experience,8/30/2026
290,1905932,39911,31671,1.3,4.9,2.7,3,Could be improved,8/21/2023
291,167990,464139,5729,2.2,2.8,2.3,2.4,Packaging was damaged,7/12/2026
292,1497445,231522,6384,3,3.1,2.7,2.9,Decent food quality,10/27/2026
293,1536894,181528,12196,2,3.4,4.3,3.2,Food was okay,10/11/2024
294,1056938,13671,2990,3.3,4.6,2.1,3.3,Service was normal,3/21/2026
295,1386445,176185,24085,3.5,1.9,4.6,3.3,Decent food quality,2/1/2026
296,179974,457284,19607,1.7,4.3,3.3,3.1,Food was okay,6/2/2025
297,293657,91083,21086,1.3,4.3,3.1,2.9,Decent food quality,12/25/2024
298,790649,447531,23806,4.9,3.1,1.2,3.1,Food was okay,5/3/2026
299,1767761,370132,41837,2.9,4.2,1.9,3,Food was okay,12/13/2026
300,1876637,196356,20684,1.5,3.6,3.7,2.9,Average experience,1/21/2025
301,1970446,191002,49864,4.5,1.9,2.8,3.1,Could be improved,2/19/2024
302,1593768,59406,3555,2.6,4.2,1.8,2.9,Service was normal,10/22/2024
303,1837327,270339,49318,3.2,3.3,4.9,3.8,Food was okay,2/13/2025
304,1258854,55647,34053,1.6,3.2,4.5,3.1,Could be improved,4/30/2026
305,979314,212767,14553,4.6,2.6,3,3.4,Could be improved,12/20/2023
306,1621588,76155,27103,1.9,3.1,4.9,3.3,Food was okay,8/6/2025
307,1923920,123184,6557,3.2,4.1,3.3,3.5,Food was okay,6/18/2024
308,1168257,179662,15641,4.1,4.3,1.9,3.4,Service was normal,7/24/2026
309,1501732,409361,36615,1.2,1.1,3.8,2,Not satisfied with service,8/3/2026
310,327449,186146,49016,2.4,5,4.7,4,Delivery was quick and smooth,8/22/2026
311,1844353,433452,28449,4.3,2.8,4.8,4,Food quality was great,5/21/2023
312,46364,263483,19220,3.4,4.9,2.8,3.7,Decent food quality,5/26/2025
313,1891357,476093,42273,2.4,3.1,2.9,2.8,Service was normal,5/1/2023
314,1025545,167269,41057,4.3,2.4,1.6,2.8,Could be improved,7/5/2026
315,315489,243947,12645,3.7,3.6,3.3,3.5,Decent food quality,3/30/2026
316,453825,85206,11576,3.8,4,3.5,3.8,Food was okay,6/17/2023
317,548743,62024,30740,1.9,3.4,1.6,2.3,Late delivery experience,12/23/2024
318,1448641,430137,7122,4.6,4.6,2.9,4,"Amazing taste, will order again",4/1/2023
319,1637059,287526,23667,1.1,1.8,1.1,1.3,Taste was not good,5/6/2024
320,520018,440015,26570,2.4,4,1.9,2.8,Could be improved,12/2/2025
321,1665781,407016,25627,3.8,4.7,3.3,3.9,Could be improved,11/7/2025
322,989459,286128,41917,4.3,1.1,5,3.5,Average experience,7/11/2026
323,1707744,403395,28394,3.1,2.2,1.8,2.4,Packaging was damaged,10/15/2024
324,1596669,139091,21546,3.1,2.8,3.4,3.1,Average experience,12/21/2026
325,1271429,161790,22500,2.7,2.7,3.3,2.9,Food was okay,10/8/2024
326,1519960,425967,43770,1.9,1.8,5,2.9,Decent food quality,10/24/2025
327,762032,145336,46823,1.5,4.9,2.9,3.1,Average experience,12/1/2025
328,229437,312003,38236,2.3,1.2,4,2.5,Packaging was damaged,9/14/2025
329,307137,101045,35446,2.3,2.5,1.9,2.2,Packaging was damaged,12/25/2025
330,846871,483669,14414,4.1,2.9,2.2,3.1,Decent food quality,7/31/2025
331,1182864,410650,37718,3.3,2.2,3.9,3.1,Service was normal,6/20/2024
332,928295,78681,5493,3.7,3,2,2.9,Decent food quality,10/8/2025
333,382921,304568,28975,3.1,3.9,2.2,3.1,Food was okay,4/10/2023
334,1213976,116630,27120,2.2,2.9,3.3,2.8,Could be improved,4/25/2024
335,114299,255619,37643,1.2,1.8,4.3,2.4,Not satisfied with service,10/22/2023
336,596753,429081,20159,2,3.4,5,3.5,Service was normal,8/20/2025
337,1647636,83695,19177,2.9,3.8,3.6,3.4,Decent food quality,3/13/2026
338,1313453,185589,46528,2.1,1.4,3.2,2.2,Food was cold,3/28/2026
339,135178,279040,39931,1.1,1,2.1,1.4,Late delivery experience,1/25/2024
340,1983407,305456,43843,3.2,2.4,2.4,2.7,Decent food quality,1/12/2026
341,260691,472894,41114,3.3,3.6,3.1,3.3,Food was okay,7/8/2026
342,662320,100186,24208,4.4,4.8,4.6,4.6,Food quality was great,10/22/2024
343,1947693,318152,45746,3.4,2.8,1.8,2.7,Could be improved,6/8/2024
344,1467253,86032,13535,2.6,1.8,3.3,2.6,Average experience,12/1/2025
345,1058483,102211,18435,4.5,1.6,1.1,2.4,Late delivery experience,9/27/2026
346,765623,478001,6809,1.1,2.6,1.3,1.7,Late delivery experience,10/7/2026
347,1466854,139288,4616,2.7,3.1,2.5,2.8,Decent food quality,1/24/2023
348,1923349,286119,16047,1.5,3,3.1,2.5,Late delivery experience,8/4/2026
349,1255886,217505,25706,3.7,1.8,2.3,2.6,Average experience,12/22/2023
350,1633436,66639,11326,3.8,3.7,3,3.5,Could be improved,10/12/2025
351,929892,49598,8124,2.5,1,3.3,2.3,Taste was not good,12/18/2024
352,246845,293540,31570,4.9,4.7,2.1,3.9,Food was okay,2/5/2024
353,1129747,101747,493,3.7,4.7,1.3,3.2,Decent food quality,2/13/2024
354,1530987,368991,13156,3.5,3.1,1.2,2.6,Could be improved,1/4/2026
355,963867,381907,31695,3.9,3.5,4.6,4,Food quality was great,11/13/2026
356,1889635,296140,12118,1.5,5,4.8,3.8,Food was okay,6/25/2026
357,136860,255559,23154,4.1,3.1,4.6,3.9,Could be improved,12/16/2023
358,1456937,194532,5349,2.1,1.3,2.4,1.9,Food was cold,11/25/2025
359,75765,249230,26362,4.6,2.2,2.2,3,Decent food quality,11/13/2024
360,789824,196,5703,2.8,4.3,3.9,3.7,Decent food quality,6/29/2023
361,1492566,369345,26552,4.3,4.1,2.1,3.5,Food was okay,4/20/2023
362,1349922,486632,31070,2.9,3.3,2.7,3,Average experience,5/23/2024
363,1187508,344520,44343,3.4,2.1,3.7,3.1,Food was okay,4/2/2026
364,893358,33224,31372,1.9,4.4,2,2.8,Food was okay,10/23/2023
365,276581,252679,19200,1.7,1.5,1.3,1.5,Poor food quality,4/13/2024
366,1675802,211197,1751,2.9,4.8,2.1,3.3,Decent food quality,12/7/2025
367,746767,368117,48319,1.3,3.1,1.3,1.9,Packaging was damaged,10/30/2025
368,1025884,79629,42270,4.8,2.6,2.9,3.4,Average experience,1/24/2025
369,466658,50813,13534,1.7,3,1.5,2.1,Taste was not good,8/29/2024
370,459724,55808,35836,3.9,3.4,1.2,2.8,Decent food quality,7/29/2024
371,563842,6166,24605,3.2,2,2.5,2.6,Decent food quality,12/6/2023
372,649543,64489,12527,2.3,2.6,1.2,2,Taste was not good,10/9/2024
373,1466863,446615,33821,4.1,3.2,4.4,3.9,Food was okay,7/25/2026
374,532965,429690,2542,1.2,3.3,4.2,2.9,Service was normal,1/2/2026
375,155318,110177,14944,2.7,1.1,2.5,2.1,Not satisfied with service,6/21/2023
376,199982,70744,2104,1.2,3.8,2.4,2.5,Packaging was damaged,5/8/2024
377,1044358,282094,38294,3,4,3,3.3,Food was okay,12/5/2025
378,1873757,368793,36719,1.3,1.6,2.1,1.7,Not satisfied with service,3/27/2024
379,1332928,238535,16179,4.7,3.8,1.4,3.3,Food was okay,10/15/2023
380,657568,126611,37262,1.4,3,4.4,2.9,Average experience,9/7/2023
381,855646,356608,21965,4,4.9,3.1,4,Very satisfied with service,2/22/2023
382,267876,37032,31374,2.4,2.8,3.4,2.9,Could be improved,12/25/2026
383,761655,375730,21594,4,1.1,3.1,2.7,Service was normal,4/9/2026
384,1400623,172856,19699,2.2,1.3,3,2.2,Packaging was damaged,1/20/2023
385,1729528,240997,8334,4.3,3.5,2.1,3.3,Decent food quality,8/29/2023
386,1097746,203556,31678,4.3,2.2,4.6,3.7,Food was okay,10/10/2026
387,1458366,316934,43545,3.7,3.8,2,3.2,Average experience,7/5/2026
388,1135772,204877,17309,1.3,3.6,4.2,3,Food was okay,6/19/2024
389,1690095,130352,6737,1.4,2,1.5,1.6,Poor food quality,5/20/2026
390,1121701,1120,44861,3.1,2.1,1.8,2.3,Food was cold,4/22/2023
391,1953933,33097,35413,2.6,3.1,2.5,2.7,Average experience,1/30/2025
392,33761,274774,20834,3.3,2.9,4,3.4,Average experience,9/16/2024
393,1408317,128255,4012,1.8,2.6,1.6,2,Late delivery experience,7/14/2025
394,1886545,400066,16624,1,1.9,2.9,1.9,Not satisfied with service,7/24/2025
395,978126,95390,32371,1.8,4,4.7,3.5,Food was okay,1/6/2023
396,1958533,32807,25279,2.8,2.8,2.1,2.6,Could be improved,6/2/2024
397,1005922,480923,12482,4.8,2.7,2.3,3.3,Average experience,6/25/2024
398,170551,318186,16901,3.9,3.1,2.5,3.2,Food was okay,7/16/2025
399,1156379,284997,49466,4.1,2.3,1.7,2.7,Decent food quality,1/25/2024
400,1140937,173856,26172,5,3.5,4.4,4.3,Food quality was great,7/2/2025
401,215536,265284,9471,4.1,1.3,4.4,3.3,Average experience,11/19/2025
402,822156,464232,42139,2.5,1.5,3.6,2.5,Poor food quality,5/22/2025
403,983888,411573,16614,3.3,4.7,4.5,4.2,Very satisfied with service,8/31/2025
404,1520930,4049,28650,1.2,4.8,3.2,3.1,Could be improved,4/16/2023
405,961659,182015,2420,4.1,4.5,2.3,3.6,Could be improved,5/7/2025
406,1105978,66750,31372,1.1,4.5,4.1,3.2,Food was okay,7/7/2023
407,1622502,253359,22295,1.8,2.1,2.4,2.1,Food was cold,12/28/2026
408,1109353,425391,16985,1.4,4.7,3.5,3.2,Food was okay,9/24/2024
409,196098,150030,19170,2.1,3.3,2.3,2.6,Food was okay,11/9/2026
410,1691378,469102,6017,4.5,4.8,2.2,3.8,Decent food quality,7/25/2023
411,322968,179880,16801,1.3,4.8,3.5,3.2,Decent food quality,3/14/2024
412,949824,240650,35027,4.4,4.4,1.5,3.4,Food was okay,10/15/2026
413,1146735,222993,32114,1.9,2.5,3.6,2.7,Average experience,11/12/2025
414,208005,52321,6595,4.5,3.8,1.2,3.2,Average experience,1/28/2026
415,612002,401936,32851,1.2,2.1,1.4,1.6,Poor food quality,9/1/2026
416,1534735,225510,14186,2.5,2.5,4.8,3.3,Could be improved,6/25/2024
417,1222777,271108,19231,3.4,1.4,1.2,2,Late delivery experience,12/17/2026
418,1543425,421022,44360,3.7,1.1,1.8,2.2,Packaging was damaged,1/25/2024
419,1022512,443404,40783,4.5,1.4,2.2,2.7,Decent food quality,10/15/2023
420,387642,23764,24176,3.5,2.2,2.9,2.9,Decent food quality,1/9/2026
421,1665582,111132,4878,1.5,4.1,2.3,2.6,Service was normal,9/26/2026
422,1020457,208534,9307,1.5,4.9,3,3.1,Average experience,7/21/2024
423,672702,440177,33019,3.8,3,3.7,3.5,Decent food quality,1/10/2024
424,1983911,123830,48582,3.8,1.9,2.3,2.7,Average experience,9/24/2025
425,529086,461773,24315,4.6,2.3,2.6,3.2,Service was normal,6/13/2025
426,635699,212667,49302,3.5,1.5,3.7,2.9,Could be improved,4/4/2024
427,1052932,79099,48500,3.9,4.7,4,4.2,Fresh food and good packaging,3/19/2024
428,540273,310804,44323,2.5,2.2,4,2.9,Average experience,10/7/2023
429,1738089,43426,18895,4,3,4.9,4,Delivery was quick and smooth,8/20/2026
430,1126261,232248,46026,3.8,4.4,1.7,3.3,Food was okay,8/6/2026
431,1358691,139733,33885,2.3,2.7,2.9,2.6,Could be improved,5/4/2024
432,1617312,461961,8350,3.9,3.8,2,3.2,Decent food quality,3/14/2025
433,1229896,241038,11211,5,3.3,3.4,3.9,Could be improved,1/11/2026
434,731296,178866,2127,2,2.8,4.6,3.1,Decent food quality,6/18/2023
435,206389,321955,48781,1.1,3.9,4.9,3.3,Service was normal,5/11/2025
436,1941154,264265,29981,2,4.7,3.1,3.3,Could be improved,9/28/2024
437,980114,46819,40971,1.8,1.2,1.9,1.6,Poor food quality,1/3/2024
438,1251142,378466,46646,2.1,3.5,3,2.9,Average experience,12/29/2023
439,130018,163590,15361,1.3,1.1,3.5,2,Poor food quality,6/19/2025
440,1280862,426333,29392,1.9,4.4,2.6,3,Average experience,5/24/2023
441,1994239,434407,26390,3.5,1.9,3.3,2.9,Food was okay,5/27/2023
442,1534374,174251,39352,2.8,2.3,4.1,3.1,Decent food quality,6/12/2023
443,219145,93405,39449,4.9,1.6,2.9,3.1,Service was normal,4/24/2025
444,1461605,375007,24061,1.2,3.4,4.9,3.2,Could be improved,8/4/2026
445,1208207,175767,42485,2.2,2,4.2,2.8,Average experience,3/9/2026
446,1072852,406792,35948,3,4.7,2.9,3.5,Decent food quality,8/27/2024
447,1986756,499809,16299,3.9,2.2,3.3,3.1,Could be improved,12/11/2025
448,1283324,262,42679,2.5,1.4,3.3,2.4,Taste was not good,5/31/2023
449,1524425,65428,8982,4.5,4.2,2.4,3.7,Decent food quality,10/30/2023
450,666875,418932,41543,2.7,2.8,4.1,3.2,Average experience,5/29/2024
451,1053804,268259,19331,3.7,2.1,4.5,3.4,Service was normal,1/30/2024
452,1610585,290573,7245,2.3,4.4,4.9,3.9,Could be improved,10/3/2024
453,287470,282259,48193,1.1,4,1.6,2.2,Taste was not good,9/13/2023
454,307995,306722,39686,1.1,3.4,1.7,2.1,Packaging was damaged,12/22/2025
455,687107,245912,22380,2.7,3.3,3.3,3.1,Food was okay,7/22/2024
456,824021,108512,14516,1.2,2.5,1.3,1.7,Poor food quality,2/27/2025
457,646511,330183,6306,4.2,1.5,5,3.6,Food was okay,12/9/2026
458,1548791,84900,44574,1.2,4.7,4.4,3.4,Could be improved,1/22/2026
459,1412891,378488,46378,1.4,4.4,4.8,3.5,Decent food quality,7/5/2026
460,1124240,251155,42565,4.2,2.5,3.9,3.5,Service was normal,2/14/2024
461,1859726,280528,31371,4.1,4.9,3.8,4.3,Food quality was great,8/23/2023
462,151442,214398,33732,3.8,1.5,2.7,2.7,Average experience,2/4/2024
463,412482,391874,1216,3.7,2,1.5,2.4,Food was cold,8/18/2024
464,1632939,42427,25430,2,1.8,2.7,2.2,Taste was not good,3/13/2023
465,78590,401126,14594,1.4,3.8,1.2,2.1,Late delivery experience,8/10/2025
466,1232524,222683,17313,4.5,1.6,3.1,3.1,Service was normal,8/4/2026
467,1677314,246974,46920,5,4.5,3,4.2,Food quality was great,9/3/2025
468,1697762,41392,46183,3.5,3.8,2.1,3.1,Average experience,12/1/2026
469,517955,253315,47302,2.7,4.2,4.5,3.8,Could be improved,4/13/2024
470,1017647,236856,30270,4.4,1.5,3.3,3.1,Average experience,12/22/2025
471,813411,454636,36756,3.8,2.8,2.7,3.1,Average experience,3/29/2025
472,965664,264512,28947,2.5,2.1,4.3,3,Average experience,4/3/2024
473,275546,389838,13432,4.6,2.6,3.6,3.6,Average experience,7/19/2024
474,1988221,376534,32287,2.7,3.3,3.4,3.1,Could be improved,10/29/2023
475,440652,288263,3365,1.7,4.3,1.9,2.6,Service was normal,6/19/2026
476,302040,242632,31995,2.4,3.8,4.5,3.6,Decent food quality,1/4/2026
477,1473478,222108,16113,3.8,1.5,1.4,2.2,Poor food quality,2/27/2024
478,1980571,257761,36951,4.7,1.2,2.3,2.7,Decent food quality,12/23/2024
479,702616,460984,31288,4.3,1.2,3.1,2.9,Food was okay,7/25/2024
480,1997934,56035,39705,3.6,4.6,3.4,3.9,Decent food quality,7/8/2023
481,1947495,153686,7973,3.4,4,4.2,3.9,Food was okay,12/7/2025
482,1830497,80025,23231,2,3.8,4.9,3.6,Average experience,8/28/2024
483,955240,499934,19151,2.9,2.6,2,2.5,Not satisfied with service,9/24/2023
484,1964290,335888,18610,4.2,1.7,3.5,3.1,Average experience,3/15/2024
485,1945544,302952,36568,3.3,1.4,4.8,3.2,Could be improved,5/11/2023
486,555603,325768,42230,4.8,4.6,1.1,3.5,Could be improved,3/2/2025
487,1893187,6646,29798,1.5,4.7,1.4,2.5,Poor food quality,6/1/2025
488,333613,47427,10411,3.1,1.4,2.5,2.3,Taste was not good,3/18/2025
489,810007,297459,13178,4,4.4,2.7,3.7,Decent food quality,7/7/2026
490,932243,288965,40048,1.5,4.3,2.2,2.7,Could be improved,12/12/2025
491,694305,137255,18459,2.5,1.1,1.3,1.6,Taste was not good,4/2/2023
492,842967,107723,20069,2.6,4,2.5,3,Average experience,12/12/2024
493,1316425,194347,12908,1.1,2.1,3.3,2.2,Late delivery experience,1/12/2024
494,1433556,337263,20169,1.2,3.2,3,2.5,Poor food quality,6/9/2025
495,907188,493198,24738,4.6,1.7,2.5,2.9,Average experience,6/18/2023
496,1457277,450954,6585,2.5,1.4,3.8,2.6,Food was okay,6/16/2025
497,460886,195542,155,2.5,1.9,1.2,1.9,Not satisfied with service,3/26/2024
498,1027132,167196,31944,1.6,2.4,4.9,3,Food was okay,6/2/2024
